$version Generated by VerilatedVcd $end
$timescale 1ps $end
 $scope module core_pkg $end
  $var wire 32 J XLEN [31:0] $end
  $var wire 32 K REG_ADDR_W [31:0] $end
  $var wire 32 L F3 [31:0] $end
  $var wire 32 M NOP [31:0] $end
 $upscope $end
 $scope module tb_ex_stage $end
  $var wire 1 " clk $end
  $scope module dut $end
   $var wire 191 # reg_ex_i [190:0] $end
   $var wire 7 ) for_info_mem_i [6:0] $end
   $var wire 7 * for_info_wb_i [6:0] $end
   $var wire 32 + alu_mem_i [31:0] $end
   $var wire 32 , alu_wb_i [31:0] $end
   $var wire 110 - ex_reg_o [109:0] $end
   $var wire 7 1 for_info_ex_o [6:0] $end
   $var wire 32 2 alu_ex_o [31:0] $end
   $var wire 2 3 for_ex_a [1:0] $end
   $var wire 2 4 for_ex_b [1:0] $end
   $var wire 32 5 A [31:0] $end
   $var wire 32 6 B [31:0] $end
   $var wire 32 7 rs2_fwd [31:0] $end
   $var wire 4 8 alu_ctrl [3:0] $end
   $scope module u_alu $end
    $var wire 4 8 alu_ctrl_i [3:0] $end
    $var wire 32 5 A [31:0] $end
    $var wire 32 6 B [31:0] $end
    $var wire 32 2 alu_result_o [31:0] $end
   $upscope $end
   $scope module u_alu_ctrl $end
    $var wire 2 9 alu_op_i [1:0] $end
    $var wire 3 : f3_i [2:0] $end
    $var wire 1 ; f7_5_i $end
    $var wire 4 8 alu_ctrl_o [3:0] $end
   $upscope $end
   $scope module u_alu_mux $end
    $var wire 2 < for_ex_a_i [1:0] $end
    $var wire 2 = for_ex_b_i [1:0] $end
    $var wire 32 > rs1_data_i [31:0] $end
    $var wire 32 ? rs2_data_i [31:0] $end
    $var wire 2 @ sel_a_i [1:0] $end
    $var wire 2 A sel_b_i [1:0] $end
    $var wire 32 B pc_cur_i [31:0] $end
    $var wire 32 C immgen_i [31:0] $end
    $var wire 32 + alu_mem_i [31:0] $end
    $var wire 32 , alu_wb_i [31:0] $end
    $var wire 32 5 A_o [31:0] $end
    $var wire 32 6 B_o [31:0] $end
    $var wire 32 D rs1_fwd [31:0] $end
    $var wire 32 7 rs2_fwd [31:0] $end
   $upscope $end
   $scope module u_forward_ex $end
    $var wire 5 E rs1_addr_i [4:0] $end
    $var wire 5 F rs2_addr_i [4:0] $end
    $var wire 7 ) for_info_mem_i [6:0] $end
    $var wire 7 * for_info_wb_i [6:0] $end
    $var wire 2 < for_ex_a_o [1:0] $end
    $var wire 2 = for_ex_b_o [1:0] $end
   $upscope $end
  $upscope $end
  $scope module vif $end
   $var wire 1 G clk $end
   $var wire 191 # reg_ex [190:0] $end
   $var wire 7 ) for_info_mem [6:0] $end
   $var wire 7 * for_info_wb [6:0] $end
   $var wire 32 + alu_mem [31:0] $end
   $var wire 32 , alu_wb [31:0] $end
   $var wire 110 - ex_reg [109:0] $end
   $var wire 7 H for_info_ex [6:0] $end
   $var wire 32 I alu_ex [31:0] $end
  $upscope $end
 $upscope $end
$enddefinitions $end


#0
0"
b00000000000000000000000000000000000000000000000000000000000000000000000000000000000000000000000000000000000001000100000000000000000000000000000101000000000000000000000000000010100010000000000 #
b0000000 )
b0000000 *
b00000000000000000000000000000000 +
b00000000000000000000000000000000 ,
b00000000000000000000000000000000000000000000000000000000000000111100000000000000000000000000001010000000000000 -
b0000000 1
b00000000000000000000000000011110 2
b00 3
b00 4
b00000000000000000000000000001010 5
b00000000000000000000000000010100 6
b00000000000000000000000000010100 7
b0000 8
b01 9
b000 :
0;
b00 <
b00 =
b00000000000000000000000000001010 >
b00000000000000000000000000010100 ?
b00 @
b00 A
b00000000000000000000000000000000 B
b00000000000000000000000000000000 C
b00000000000000000000000000001010 D
b00001 E
b00010 F
0G
b0000000 H
b00000000000000000000000000011110 I
b00000000000000000000000000100000 J
b00000000000000000000000000000101 K
b00000000000000000000000000000011 L
b00000000000000000000000000010011 M
#5
1"
1G
#10
0"
0G
#15
1"
1G
#20
0"
0G
#25
1"
1G
#30
0"
0G
#35
1"
1G
#40
0"
0G
#45
1"
1G
#50
0"
0G
#55
1"
1G
#60
0"
0G
#65
1"
1G
#70
0"
0G
#75
1"
1G
#80
0"
0G
#85
1"
1G
#90
0"
0G
#95
1"
1G
#100
0"
0G
#105
1"
1G
#110
0"
0G
#115
1"
1G
#120
0"
0G
#125
1"
1G
#130
0"
0G
#135
1"
1G
#140
0"
0G
#145
1"
1G
#150
0"
0G
#155
1"
1G
#160
0"
0G
#165
1"
1G
#170
0"
0G
#175
1"
1G
#180
0"
0G
#185
1"
1G
#190
0"
0G
#195
1"
1G
#200
0"
0G
#205
1"
1G
#210
0"
0G
#215
1"
1G
#220
0"
0G
#225
1"
1G
#230
0"
0G
#235
1"
1G
#240
0"
0G
#245
1"
1G
#250
0"
0G
#255
1"
1G
#260
0"
0G
#265
1"
1G
#270
0"
0G
#275
1"
1G
#280
0"
0G
#285
1"
1G
#290
0"
0G
#295
1"
1G
#300
0"
0G
#305
1"
1G
#310
0"
0G
#315
1"
1G
#320
0"
0G
#325
1"
1G
#330
0"
0G
#335
1"
1G
#340
0"
0G
#345
1"
1G
#350
0"
0G
#355
1"
1G
#360
0"
0G
#365
1"
1G
#370
0"
0G
#375
1"
1G
#380
0"
0G
#385
1"
1G
#390
0"
0G
#395
1"
1G
#400
0"
0G
#405
1"
1G
#410
0"
0G
#415
1"
1G
#420
0"
0G
#425
1"
1G
#430
0"
0G
#435
1"
1G
#440
0"
0G
#445
1"
1G
#450
0"
0G
#455
1"
1G
#460
0"
0G
#465
1"
1G
#470
0"
0G
#475
1"
1G
#480
0"
0G
#485
1"
1G
#490
0"
0G
#495
1"
1G
#500
0"
0G
#505
1"
1G
#510
0"
0G
#515
1"
1G
#520
0"
0G
#525
1"
1G
#530
0"
0G
#535
1"
1G
#540
0"
0G
#545
1"
1G
#550
0"
0G
#555
1"
1G
#560
0"
0G
#565
1"
1G
#570
0"
0G
#575
1"
1G
#580
0"
0G
#585
1"
1G
#590
0"
0G
#595
1"
1G
#600
0"
0G
#605
1"
1G
#610
0"
0G
#615
1"
1G
#620
0"
0G
#625
1"
1G
#630
0"
0G
#635
1"
1G
#640
0"
0G
#645
1"
1G
#650
0"
0G
#655
1"
1G
#660
0"
0G
#665
1"
1G
#670
0"
0G
#675
1"
1G
#680
0"
0G
#685
1"
1G
#690
0"
0G
#695
1"
1G
#700
0"
0G
#705
1"
1G
#710
0"
0G
#715
1"
1G
#720
0"
0G
#725
1"
1G
#730
0"
0G
#735
1"
1G
#740
0"
0G
#745
1"
1G
#750
0"
0G
#755
1"
1G
#760
0"
0G
#765
1"
1G
#770
0"
0G
#775
1"
1G
#780
0"
0G
#785
1"
1G
#790
0"
0G
#795
1"
1G
#800
0"
0G
#805
1"
1G
#810
0"
0G
#815
1"
1G
#820
0"
0G
#825
1"
1G
#830
0"
0G
#835
1"
1G
#840
0"
0G
#845
1"
1G
#850
0"
0G
#855
1"
1G
#860
0"
0G
#865
1"
1G
#870
0"
0G
#875
1"
1G
#880
0"
0G
#885
1"
1G
#890
0"
0G
#895
1"
1G
#900
0"
0G
#905
1"
1G
#910
0"
0G
#915
1"
1G
#920
0"
0G
#925
1"
1G
#930
0"
0G
#935
1"
1G
#940
0"
0G
#945
1"
1G
#950
0"
0G
#955
1"
1G
#960
0"
0G
#965
1"
1G
#970
0"
0G
#975
1"
1G
#980
0"
0G
#985
1"
1G
#990
0"
0G
#995
1"
1G
#1000
0"
0G
#1005
1"
b00010000000000000000000000000000000000000000000000000000000000000000000000000000000000000000000000000000000001000100000000000000000000000000001111000000000000000000000000000001010010000000000 #
b00000000000000000000000000000000000000000000000000000000000000101000000000000000000000000000000101000000000000 -
b00000000000000000000000000010100 2
b00000000000000000000000000011110 5
b00000000000000000000000000001010 6
b00000000000000000000000000001010 7
b0001 8
1;
b00000000000000000000000000011110 >
b00000000000000000000000000001010 ?
b00000000000000000000000000011110 D
1G
b00000000000000000000000000010100 I
#1010
0"
0G
#1015
1"
1G
#1020
0"
0G
#1025
1"
1G
#1030
0"
0G
#1035
1"
1G
#1040
0"
0G
#1045
1"
1G
#1050
0"
0G
#1055
1"
1G
#1060
0"
0G
#1065
1"
1G
#1070
0"
0G
#1075
1"
1G
#1080
0"
0G
#1085
1"
1G
#1090
0"
0G
#1095
1"
1G
#1100
0"
0G
#1105
1"
1G
#1110
0"
0G
#1115
1"
1G
#1120
0"
0G
#1125
1"
1G
#1130
0"
0G
#1135
1"
1G
#1140
0"
0G
#1145
1"
1G
#1150
0"
0G
#1155
1"
1G
#1160
0"
0G
#1165
1"
1G
#1170
0"
0G
#1175
1"
1G
#1180
0"
0G
#1185
1"
1G
#1190
0"
0G
#1195
1"
1G
#1200
0"
0G
#1205
1"
1G
#1210
0"
0G
#1215
1"
1G
#1220
0"
0G
#1225
1"
1G
#1230
0"
0G
#1235
1"
1G
#1240
0"
0G
#1245
1"
1G
#1250
0"
0G
#1255
1"
1G
#1260
0"
0G
#1265
1"
1G
#1270
0"
0G
#1275
1"
1G
#1280
0"
0G
#1285
1"
1G
#1290
0"
0G
#1295
1"
1G
#1300
0"
0G
#1305
1"
1G
#1310
0"
0G
#1315
1"
1G
#1320
0"
0G
#1325
1"
1G
#1330
0"
0G
#1335
1"
1G
#1340
0"
0G
#1345
1"
1G
#1350
0"
0G
#1355
1"
1G
#1360
0"
0G
#1365
1"
1G
#1370
0"
0G
#1375
1"
1G
#1380
0"
0G
#1385
1"
1G
#1390
0"
0G
#1395
1"
1G
#1400
0"
0G
#1405
1"
1G
#1410
0"
0G
#1415
1"
1G
#1420
0"
0G
#1425
1"
1G
#1430
0"
0G
#1435
1"
1G
#1440
0"
0G
#1445
1"
1G
#1450
0"
0G
#1455
1"
1G
#1460
0"
0G
#1465
1"
1G
#1470
0"
0G
#1475
1"
1G
#1480
0"
0G
#1485
1"
1G
#1490
0"
0G
#1495
1"
1G
#1500
0"
0G
#1505
1"
1G
#1510
0"
0G
#1515
1"
1G
#1520
0"
0G
#1525
1"
1G
#1530
0"
0G
#1535
1"
1G
#1540
0"
0G
#1545
1"
1G
#1550
0"
0G
#1555
1"
1G
#1560
0"
0G
#1565
1"
1G
#1570
0"
0G
#1575
1"
1G
#1580
0"
0G
#1585
1"
1G
#1590
0"
0G
#1595
1"
1G
#1600
0"
0G
#1605
1"
1G
#1610
0"
0G
#1615
1"
1G
#1620
0"
0G
#1625
1"
1G
#1630
0"
0G
#1635
1"
1G
#1640
0"
0G
#1645
1"
1G
#1650
0"
0G
#1655
1"
1G
#1660
0"
0G
#1665
1"
1G
#1670
0"
0G
#1675
1"
1G
#1680
0"
0G
#1685
1"
1G
#1690
0"
0G
#1695
1"
1G
#1700
0"
0G
#1705
1"
1G
#1710
0"
0G
#1715
1"
1G
#1720
0"
0G
#1725
1"
1G
#1730
0"
0G
#1735
1"
1G
#1740
0"
0G
#1745
1"
1G
#1750
0"
0G
#1755
1"
1G
#1760
0"
0G
#1765
1"
1G
#1770
0"
0G
#1775
1"
1G
#1780
0"
0G
#1785
1"
1G
#1790
0"
0G
#1795
1"
1G
#1800
0"
0G
#1805
1"
1G
#1810
0"
0G
#1815
1"
1G
#1820
0"
0G
#1825
1"
1G
#1830
0"
0G
#1835
1"
1G
#1840
0"
0G
#1845
1"
1G
#1850
0"
0G
#1855
1"
1G
#1860
0"
0G
#1865
1"
1G
#1870
0"
0G
#1875
1"
1G
#1880
0"
0G
#1885
1"
1G
#1890
0"
0G
#1895
1"
1G
#1900
0"
0G
#1905
1"
1G
#1910
0"
0G
#1915
1"
1G
#1920
0"
0G
#1925
1"
1G
#1930
0"
0G
#1935
1"
1G
#1940
0"
0G
#1945
1"
1G
#1950
0"
0G
#1955
1"
1G
#1960
0"
0G
#1965
1"
1G
#1970
0"
0G
#1975
1"
1G
#1980
0"
0G
#1985
1"
1G
#1990
0"
0G
#1995
1"
1G
#2000
0"
0G
#2005
1"
b10100000000000000000000000000000000000000000000000000000000000000000000000000000000000000000000000000000000001000101000000000000000000000000000000000000000000000000000000000000001010000000000 #
b10100000000000000000000000000000000010000000000000000000000000000000000000000000000000000000000000100000000000 -
b01000000000000000000000000000000 2
b10000000000000000000000000000000 5
b00000000000000000000000000000001 6
b00000000000000000000000000000001 7
b0110 8
b101 :
0;
b10000000000000000000000000000000 >
b00000000000000000000000000000001 ?
b10000000000000000000000000000000 D
1G
b01000000000000000000000000000000 I
#2010
0"
0G
#2015
1"
1G
#2020
0"
0G
#2025
1"
1G
#2030
0"
0G
#2035
1"
1G
#2040
0"
0G
#2045
1"
1G
#2050
0"
0G
#2055
1"
1G
#2060
0"
0G
#2065
1"
1G
#2070
0"
0G
#2075
1"
1G
#2080
0"
0G
#2085
1"
1G
#2090
0"
0G
#2095
1"
1G
#2100
0"
0G
#2105
1"
1G
#2110
0"
0G
#2115
1"
1G
#2120
0"
0G
#2125
1"
1G
#2130
0"
0G
#2135
1"
1G
#2140
0"
0G
#2145
1"
1G
#2150
0"
0G
#2155
1"
1G
#2160
0"
0G
#2165
1"
1G
#2170
0"
0G
#2175
1"
1G
#2180
0"
0G
#2185
1"
1G
#2190
0"
0G
#2195
1"
1G
#2200
0"
0G
#2205
1"
1G
#2210
0"
0G
#2215
1"
1G
#2220
0"
0G
#2225
1"
1G
#2230
0"
0G
#2235
1"
1G
#2240
0"
0G
#2245
1"
1G
#2250
0"
0G
#2255
1"
1G
#2260
0"
0G
#2265
1"
1G
#2270
0"
0G
#2275
1"
1G
#2280
0"
0G
#2285
1"
1G
#2290
0"
0G
#2295
1"
1G
#2300
0"
0G
#2305
1"
1G
#2310
0"
0G
#2315
1"
1G
#2320
0"
0G
#2325
1"
1G
#2330
0"
0G
#2335
1"
1G
#2340
0"
0G
#2345
1"
1G
#2350
0"
0G
#2355
1"
1G
#2360
0"
0G
#2365
1"
1G
#2370
0"
0G
#2375
1"
1G
#2380
0"
0G
#2385
1"
1G
#2390
0"
0G
#2395
1"
1G
#2400
0"
0G
#2405
1"
1G
#2410
0"
0G
#2415
1"
1G
#2420
0"
0G
#2425
1"
1G
#2430
0"
0G
#2435
1"
1G
#2440
0"
0G
#2445
1"
1G
#2450
0"
0G
#2455
1"
1G
#2460
0"
0G
#2465
1"
1G
#2470
0"
0G
#2475
1"
1G
#2480
0"
0G
#2485
1"
1G
#2490
0"
0G
#2495
1"
1G
#2500
0"
0G
#2505
1"
1G
#2510
0"
0G
#2515
1"
1G
#2520
0"
0G
#2525
1"
1G
#2530
0"
0G
#2535
1"
1G
#2540
0"
0G
#2545
1"
1G
#2550
0"
0G
#2555
1"
1G
#2560
0"
0G
#2565
1"
1G
#2570
0"
0G
#2575
1"
1G
#2580
0"
0G
#2585
1"
1G
#2590
0"
0G
#2595
1"
1G
#2600
0"
0G
#2605
1"
1G
#2610
0"
0G
#2615
1"
1G
#2620
0"
0G
#2625
1"
1G
#2630
0"
0G
#2635
1"
1G
#2640
0"
0G
#2645
1"
1G
#2650
0"
0G
#2655
1"
1G
#2660
0"
0G
#2665
1"
1G
#2670
0"
0G
#2675
1"
1G
#2680
0"
0G
#2685
1"
1G
#2690
0"
0G
#2695
1"
1G
#2700
0"
0G
#2705
1"
1G
#2710
0"
0G
#2715
1"
1G
#2720
0"
0G
#2725
1"
1G
#2730
0"
0G
#2735
1"
1G
#2740
0"
0G
#2745
1"
1G
#2750
0"
0G
#2755
1"
1G
#2760
0"
0G
#2765
1"
1G
#2770
0"
0G
#2775
1"
1G
#2780
0"
0G
#2785
1"
1G
#2790
0"
0G
#2795
1"
1G
#2800
0"
0G
#2805
1"
1G
#2810
0"
0G
#2815
1"
1G
#2820
0"
0G
#2825
1"
1G
#2830
0"
0G
#2835
1"
1G
#2840
0"
0G
#2845
1"
1G
#2850
0"
0G
#2855
1"
1G
#2860
0"
0G
#2865
1"
1G
#2870
0"
0G
#2875
1"
1G
#2880
0"
0G
#2885
1"
1G
#2890
0"
0G
#2895
1"
1G
#2900
0"
0G
#2905
1"
1G
#2910
0"
0G
#2915
1"
1G
#2920
0"
0G
#2925
1"
1G
#2930
0"
0G
#2935
1"
1G
#2940
0"
0G
#2945
1"
1G
#2950
0"
0G
#2955
1"
1G
#2960
0"
0G
#2965
1"
1G
#2970
0"
0G
#2975
1"
1G
#2980
0"
0G
#2985
1"
1G
#2990
0"
0G
#2995
1"
1G
#3000
0"
0G
#3005
1"
b10110000000000000000000000000000000000000000000000000000000000000000000000000000000000000000000000000000000001000101000000000000000000000000000000000000000000000000000000000000001010000000000 #
b10100000000000000000000000000000000110000000000000000000000000000000000000000000000000000000000000100000000000 -
b11000000000000000000000000000000 2
b0111 8
1;
1G
b11000000000000000000000000000000 I
#3010
0"
0G
#3015
1"
1G
#3020
0"
0G
#3025
1"
1G
#3030
0"
0G
#3035
1"
1G
#3040
0"
0G
#3045
1"
1G
#3050
0"
0G
#3055
1"
1G
#3060
0"
0G
#3065
1"
1G
#3070
0"
0G
#3075
1"
1G
#3080
0"
0G
#3085
1"
1G
#3090
0"
0G
#3095
1"
1G
#3100
0"
0G
#3105
1"
1G
#3110
0"
0G
#3115
1"
1G
#3120
0"
0G
#3125
1"
1G
#3130
0"
0G
#3135
1"
1G
#3140
0"
0G
#3145
1"
1G
#3150
0"
0G
#3155
1"
1G
#3160
0"
0G
#3165
1"
1G
#3170
0"
0G
#3175
1"
1G
#3180
0"
0G
#3185
1"
1G
#3190
0"
0G
#3195
1"
1G
#3200
0"
0G
#3205
1"
1G
#3210
0"
0G
#3215
1"
1G
#3220
0"
0G
#3225
1"
1G
#3230
0"
0G
#3235
1"
1G
#3240
0"
0G
#3245
1"
1G
#3250
0"
0G
#3255
1"
1G
#3260
0"
0G
#3265
1"
1G
#3270
0"
0G
#3275
1"
1G
#3280
0"
0G
#3285
1"
1G
#3290
0"
0G
#3295
1"
1G
#3300
0"
0G
#3305
1"
1G
#3310
0"
0G
#3315
1"
1G
#3320
0"
0G
#3325
1"
1G
#3330
0"
0G
#3335
1"
1G
#3340
0"
0G
#3345
1"
1G
#3350
0"
0G
#3355
1"
1G
#3360
0"
0G
#3365
1"
1G
#3370
0"
0G
#3375
1"
1G
#3380
0"
0G
#3385
1"
1G
#3390
0"
0G
#3395
1"
1G
#3400
0"
0G
#3405
1"
1G
#3410
0"
0G
#3415
1"
1G
#3420
0"
0G
#3425
1"
1G
#3430
0"
0G
#3435
1"
1G
#3440
0"
0G
#3445
1"
1G
#3450
0"
0G
#3455
1"
1G
#3460
0"
0G
#3465
1"
1G
#3470
0"
0G
#3475
1"
1G
#3480
0"
0G
#3485
1"
1G
#3490
0"
0G
#3495
1"
1G
#3500
0"
0G
#3505
1"
1G
#3510
0"
0G
#3515
1"
1G
#3520
0"
0G
#3525
1"
1G
#3530
0"
0G
#3535
1"
1G
#3540
0"
0G
#3545
1"
1G
#3550
0"
0G
#3555
1"
1G
#3560
0"
0G
#3565
1"
1G
#3570
0"
0G
#3575
1"
1G
#3580
0"
0G
#3585
1"
1G
#3590
0"
0G
#3595
1"
1G
#3600
0"
0G
#3605
1"
1G
#3610
0"
0G
#3615
1"
1G
#3620
0"
0G
#3625
1"
1G
#3630
0"
0G
#3635
1"
1G
#3640
0"
0G
#3645
1"
1G
#3650
0"
0G
#3655
1"
1G
#3660
0"
0G
#3665
1"
1G
#3670
0"
0G
#3675
1"
1G
#3680
0"
0G
#3685
1"
1G
#3690
0"
0G
#3695
1"
1G
#3700
0"
0G
#3705
1"
1G
#3710
0"
0G
#3715
1"
1G
#3720
0"
0G
#3725
1"
1G
#3730
0"
0G
#3735
1"
1G
#3740
0"
0G
#3745
1"
1G
#3750
0"
0G
#3755
1"
1G
#3760
0"
0G
#3765
1"
1G
#3770
0"
0G
#3775
1"
1G
#3780
0"
0G
#3785
1"
1G
#3790
0"
0G
#3795
1"
1G
#3800
0"
0G
#3805
1"
1G
#3810
0"
0G
#3815
1"
1G
#3820
0"
0G
#3825
1"
1G
#3830
0"
0G
#3835
1"
1G
#3840
0"
0G
#3845
1"
1G
#3850
0"
0G
#3855
1"
1G
#3860
0"
0G
#3865
1"
1G
#3870
0"
0G
#3875
1"
1G
#3880
0"
0G
#3885
1"
1G
#3890
0"
0G
#3895
1"
1G
#3900
0"
0G
#3905
1"
1G
#3910
0"
0G
#3915
1"
1G
#3920
0"
0G
#3925
1"
1G
#3930
0"
0G
#3935
1"
1G
#3940
0"
0G
#3945
1"
1G
#3950
0"
0G
#3955
1"
1G
#3960
0"
0G
#3965
1"
1G
#3970
0"
0G
#3975
1"
1G
#3980
0"
0G
#3985
1"
1G
#3990
0"
0G
#3995
1"
1G
#4000
0"
0G
#4005
1"
b00000000000000000000000000000000000000000000000000000000000000000000000000000000000000000000000000000000000001000100111111111111111111111111111111100000000000000000000000000000001010000000000 #
b00000000000000000000000000000000000100000000000000000000000000000000000000000000000000000000000000100000000000 -
b10000000000000000000000000000000 2
b01111111111111111111111111111111 5
b0000 8
b000 :
0;
b01111111111111111111111111111111 >
b01111111111111111111111111111111 D
1G
b10000000000000000000000000000000 I
#4010
0"
0G
#4015
1"
1G
#4020
0"
0G
#4025
1"
1G
#4030
0"
0G
#4035
1"
1G
#4040
0"
0G
#4045
1"
1G
#4050
0"
0G
#4055
1"
1G
#4060
0"
0G
#4065
1"
1G
#4070
0"
0G
#4075
1"
1G
#4080
0"
0G
#4085
1"
1G
#4090
0"
0G
#4095
1"
1G
#4100
0"
0G
#4105
1"
1G
#4110
0"
0G
#4115
1"
1G
#4120
0"
0G
#4125
1"
1G
#4130
0"
0G
#4135
1"
1G
#4140
0"
0G
#4145
1"
1G
#4150
0"
0G
#4155
1"
1G
#4160
0"
0G
#4165
1"
1G
#4170
0"
0G
#4175
1"
1G
#4180
0"
0G
#4185
1"
1G
#4190
0"
0G
#4195
1"
1G
#4200
0"
0G
#4205
1"
1G
#4210
0"
0G
#4215
1"
1G
#4220
0"
0G
#4225
1"
1G
#4230
0"
0G
#4235
1"
1G
#4240
0"
0G
#4245
1"
1G
#4250
0"
0G
#4255
1"
1G
#4260
0"
0G
#4265
1"
1G
#4270
0"
0G
#4275
1"
1G
#4280
0"
0G
#4285
1"
1G
#4290
0"
0G
#4295
1"
1G
#4300
0"
0G
#4305
1"
1G
#4310
0"
0G
#4315
1"
1G
#4320
0"
0G
#4325
1"
1G
#4330
0"
0G
#4335
1"
1G
#4340
0"
0G
#4345
1"
1G
#4350
0"
0G
#4355
1"
1G
#4360
0"
0G
#4365
1"
1G
#4370
0"
0G
#4375
1"
1G
#4380
0"
0G
#4385
1"
1G
#4390
0"
0G
#4395
1"
1G
#4400
0"
0G
#4405
1"
1G
#4410
0"
0G
#4415
1"
1G
#4420
0"
0G
#4425
1"
1G
#4430
0"
0G
#4435
1"
1G
#4440
0"
0G
#4445
1"
1G
#4450
0"
0G
#4455
1"
1G
#4460
0"
0G
#4465
1"
1G
#4470
0"
0G
#4475
1"
1G
#4480
0"
0G
#4485
1"
1G
#4490
0"
0G
#4495
1"
1G
#4500
0"
0G
#4505
1"
1G
#4510
0"
0G
#4515
1"
1G
#4520
0"
0G
#4525
1"
1G
#4530
0"
0G
#4535
1"
1G
#4540
0"
0G
#4545
1"
1G
#4550
0"
0G
#4555
1"
1G
#4560
0"
0G
#4565
1"
1G
#4570
0"
0G
#4575
1"
1G
#4580
0"
0G
#4585
1"
1G
#4590
0"
0G
#4595
1"
1G
#4600
0"
0G
#4605
1"
1G
#4610
0"
0G
#4615
1"
1G
#4620
0"
0G
#4625
1"
1G
#4630
0"
0G
#4635
1"
1G
#4640
0"
0G
#4645
1"
1G
#4650
0"
0G
#4655
1"
1G
#4660
0"
0G
#4665
1"
1G
#4670
0"
0G
#4675
1"
1G
#4680
0"
0G
#4685
1"
1G
#4690
0"
0G
#4695
1"
1G
#4700
0"
0G
#4705
1"
1G
#4710
0"
0G
#4715
1"
1G
#4720
0"
0G
#4725
1"
1G
#4730
0"
0G
#4735
1"
1G
#4740
0"
0G
#4745
1"
1G
#4750
0"
0G
#4755
1"
1G
#4760
0"
0G
#4765
1"
1G
#4770
0"
0G
#4775
1"
1G
#4780
0"
0G
#4785
1"
1G
#4790
0"
0G
#4795
1"
1G
#4800
0"
0G
#4805
1"
1G
#4810
0"
0G
#4815
1"
1G
#4820
0"
0G
#4825
1"
1G
#4830
0"
0G
#4835
1"
1G
#4840
0"
0G
#4845
1"
1G
#4850
0"
0G
#4855
1"
1G
#4860
0"
0G
#4865
1"
1G
#4870
0"
0G
#4875
1"
1G
#4880
0"
0G
#4885
1"
1G
#4890
0"
0G
#4895
1"
1G
#4900
0"
0G
#4905
1"
1G
#4910
0"
0G
#4915
1"
1G
#4920
0"
0G
#4925
1"
1G
#4930
0"
0G
#4935
1"
1G
#4940
0"
0G
#4945
1"
1G
#4950
0"
0G
#4955
1"
1G
#4960
0"
0G
#4965
1"
1G
#4970
0"
0G
#4975
1"
1G
#4980
0"
0G
#4985
1"
1G
#4990
0"
0G
#4995
1"
1G
#5000
0"
0G
#5005
1"
b00010000000000000000000000000000000000000000000000000000000000000000000000000000000000000000000000000000000001000101000000000000000000000000000000000000000000000000000000000000001010000000000 #
b00000000000000000000000000000000000011111111111111111111111111111110000000000000000000000000000000100000000000 -
b01111111111111111111111111111111 2
b10000000000000000000000000000000 5
b0001 8
1;
b10000000000000000000000000000000 >
b10000000000000000000000000000000 D
1G
b01111111111111111111111111111111 I
#5010
0"
0G
#5015
1"
1G
#5020
0"
0G
#5025
1"
1G
#5030
0"
0G
#5035
1"
1G
#5040
0"
0G
#5045
1"
1G
#5050
0"
0G
#5055
1"
1G
#5060
0"
0G
#5065
1"
1G
#5070
0"
0G
#5075
1"
1G
#5080
0"
0G
#5085
1"
1G
#5090
0"
0G
#5095
1"
1G
#5100
0"
0G
#5105
1"
1G
#5110
0"
0G
#5115
1"
1G
#5120
0"
0G
#5125
1"
1G
#5130
0"
0G
#5135
1"
1G
#5140
0"
0G
#5145
1"
1G
#5150
0"
0G
#5155
1"
1G
#5160
0"
0G
#5165
1"
1G
#5170
0"
0G
#5175
1"
1G
#5180
0"
0G
#5185
1"
1G
#5190
0"
0G
#5195
1"
1G
#5200
0"
0G
#5205
1"
1G
#5210
0"
0G
#5215
1"
1G
#5220
0"
0G
#5225
1"
1G
#5230
0"
0G
#5235
1"
1G
#5240
0"
0G
#5245
1"
1G
#5250
0"
0G
#5255
1"
1G
#5260
0"
0G
#5265
1"
1G
#5270
0"
0G
#5275
1"
1G
#5280
0"
0G
#5285
1"
1G
#5290
0"
0G
#5295
1"
1G
#5300
0"
0G
#5305
1"
1G
#5310
0"
0G
#5315
1"
1G
#5320
0"
0G
#5325
1"
1G
#5330
0"
0G
#5335
1"
1G
#5340
0"
0G
#5345
1"
1G
#5350
0"
0G
#5355
1"
1G
#5360
0"
0G
#5365
1"
1G
#5370
0"
0G
#5375
1"
1G
#5380
0"
0G
#5385
1"
1G
#5390
0"
0G
#5395
1"
1G
#5400
0"
0G
#5405
1"
1G
#5410
0"
0G
#5415
1"
1G
#5420
0"
0G
#5425
1"
1G
#5430
0"
0G
#5435
1"
1G
#5440
0"
0G
#5445
1"
1G
#5450
0"
0G
#5455
1"
1G
#5460
0"
0G
#5465
1"
1G
#5470
0"
0G
#5475
1"
1G
#5480
0"
0G
#5485
1"
1G
#5490
0"
0G
#5495
1"
1G
#5500
0"
0G
#5505
1"
1G
#5510
0"
0G
#5515
1"
1G
#5520
0"
0G
#5525
1"
1G
#5530
0"
0G
#5535
1"
1G
#5540
0"
0G
#5545
1"
1G
#5550
0"
0G
#5555
1"
1G
#5560
0"
0G
#5565
1"
1G
#5570
0"
0G
#5575
1"
1G
#5580
0"
0G
#5585
1"
1G
#5590
0"
0G
#5595
1"
1G
#5600
0"
0G
#5605
1"
1G
#5610
0"
0G
#5615
1"
1G
#5620
0"
0G
#5625
1"
1G
#5630
0"
0G
#5635
1"
1G
#5640
0"
0G
#5645
1"
1G
#5650
0"
0G
#5655
1"
1G
#5660
0"
0G
#5665
1"
1G
#5670
0"
0G
#5675
1"
1G
#5680
0"
0G
#5685
1"
1G
#5690
0"
0G
#5695
1"
1G
#5700
0"
0G
#5705
1"
1G
#5710
0"
0G
#5715
1"
1G
#5720
0"
0G
#5725
1"
1G
#5730
0"
0G
#5735
1"
1G
#5740
0"
0G
#5745
1"
1G
#5750
0"
0G
#5755
1"
1G
#5760
0"
0G
#5765
1"
1G
#5770
0"
0G
#5775
1"
1G
#5780
0"
0G
#5785
1"
1G
#5790
0"
0G
#5795
1"
1G
#5800
0"
0G
#5805
1"
1G
#5810
0"
0G
#5815
1"
1G
#5820
0"
0G
#5825
1"
1G
#5830
0"
0G
#5835
1"
1G
#5840
0"
0G
#5845
1"
1G
#5850
0"
0G
#5855
1"
1G
#5860
0"
0G
#5865
1"
1G
#5870
0"
0G
#5875
1"
1G
#5880
0"
0G
#5885
1"
1G
#5890
0"
0G
#5895
1"
1G
#5900
0"
0G
#5905
1"
1G
#5910
0"
0G
#5915
1"
1G
#5920
0"
0G
#5925
1"
1G
#5930
0"
0G
#5935
1"
1G
#5940
0"
0G
#5945
1"
1G
#5950
0"
0G
#5955
1"
1G
#5960
0"
0G
#5965
1"
1G
#5970
0"
0G
#5975
1"
1G
#5980
0"
0G
#5985
1"
1G
#5990
0"
0G
#5995
1"
1G
#6000
0"
0G
#6005
1"
b01000000000000000000000000000000000000000000000000000000000000000000000000000000000000000000000000000000000001000101000000000000000000000000000000000000000000000000000000000000001010000000000 #
b01000000000000000000000000000000000000000000000000000000000000000010000000000000000000000000000000100000000000 -
b00000000000000000000000000000001 2
b0011 8
b010 :
0;
1G
b00000000000000000000000000000001 I
#6010
0"
0G
#6015
1"
1G
#6020
0"
0G
#6025
1"
1G
#6030
0"
0G
#6035
1"
1G
#6040
0"
0G
#6045
1"
1G
#6050
0"
0G
#6055
1"
1G
#6060
0"
0G
#6065
1"
1G
#6070
0"
0G
#6075
1"
1G
#6080
0"
0G
#6085
1"
1G
#6090
0"
0G
#6095
1"
1G
#6100
0"
0G
#6105
1"
1G
#6110
0"
0G
#6115
1"
1G
#6120
0"
0G
#6125
1"
1G
#6130
0"
0G
#6135
1"
1G
#6140
0"
0G
#6145
1"
1G
#6150
0"
0G
#6155
1"
1G
#6160
0"
0G
#6165
1"
1G
#6170
0"
0G
#6175
1"
1G
#6180
0"
0G
#6185
1"
1G
#6190
0"
0G
#6195
1"
1G
#6200
0"
0G
#6205
1"
1G
#6210
0"
0G
#6215
1"
1G
#6220
0"
0G
#6225
1"
1G
#6230
0"
0G
#6235
1"
1G
#6240
0"
0G
#6245
1"
1G
#6250
0"
0G
#6255
1"
1G
#6260
0"
0G
#6265
1"
1G
#6270
0"
0G
#6275
1"
1G
#6280
0"
0G
#6285
1"
1G
#6290
0"
0G
#6295
1"
1G
#6300
0"
0G
#6305
1"
1G
#6310
0"
0G
#6315
1"
1G
#6320
0"
0G
#6325
1"
1G
#6330
0"
0G
#6335
1"
1G
#6340
0"
0G
#6345
1"
1G
#6350
0"
0G
#6355
1"
1G
#6360
0"
0G
#6365
1"
1G
#6370
0"
0G
#6375
1"
1G
#6380
0"
0G
#6385
1"
1G
#6390
0"
0G
#6395
1"
1G
#6400
0"
0G
#6405
1"
1G
#6410
0"
0G
#6415
1"
1G
#6420
0"
0G
#6425
1"
1G
#6430
0"
0G
#6435
1"
1G
#6440
0"
0G
#6445
1"
1G
#6450
0"
0G
#6455
1"
1G
#6460
0"
0G
#6465
1"
1G
#6470
0"
0G
#6475
1"
1G
#6480
0"
0G
#6485
1"
1G
#6490
0"
0G
#6495
1"
1G
#6500
0"
0G
#6505
1"
1G
#6510
0"
0G
#6515
1"
1G
#6520
0"
0G
#6525
1"
1G
#6530
0"
0G
#6535
1"
1G
#6540
0"
0G
#6545
1"
1G
#6550
0"
0G
#6555
1"
1G
#6560
0"
0G
#6565
1"
1G
#6570
0"
0G
#6575
1"
1G
#6580
0"
0G
#6585
1"
1G
#6590
0"
0G
#6595
1"
1G
#6600
0"
0G
#6605
1"
1G
#6610
0"
0G
#6615
1"
1G
#6620
0"
0G
#6625
1"
1G
#6630
0"
0G
#6635
1"
1G
#6640
0"
0G
#6645
1"
1G
#6650
0"
0G
#6655
1"
1G
#6660
0"
0G
#6665
1"
1G
#6670
0"
0G
#6675
1"
1G
#6680
0"
0G
#6685
1"
1G
#6690
0"
0G
#6695
1"
1G
#6700
0"
0G
#6705
1"
1G
#6710
0"
0G
#6715
1"
1G
#6720
0"
0G
#6725
1"
1G
#6730
0"
0G
#6735
1"
1G
#6740
0"
0G
#6745
1"
1G
#6750
0"
0G
#6755
1"
1G
#6760
0"
0G
#6765
1"
1G
#6770
0"
0G
#6775
1"
1G
#6780
0"
0G
#6785
1"
1G
#6790
0"
0G
#6795
1"
1G
#6800
0"
0G
#6805
1"
1G
#6810
0"
0G
#6815
1"
1G
#6820
0"
0G
#6825
1"
1G
#6830
0"
0G
#6835
1"
1G
#6840
0"
0G
#6845
1"
1G
#6850
0"
0G
#6855
1"
1G
#6860
0"
0G
#6865
1"
1G
#6870
0"
0G
#6875
1"
1G
#6880
0"
0G
#6885
1"
1G
#6890
0"
0G
#6895
1"
1G
#6900
0"
0G
#6905
1"
1G
#6910
0"
0G
#6915
1"
1G
#6920
0"
0G
#6925
1"
1G
#6930
0"
0G
#6935
1"
1G
#6940
0"
0G
#6945
1"
1G
#6950
0"
0G
#6955
1"
1G
#6960
0"
0G
#6965
1"
1G
#6970
0"
0G
#6975
1"
1G
#6980
0"
0G
#6985
1"
1G
#6990
0"
0G
#6995
1"
1G
#7000
0"
0G
#7005
1"
b01100000000000000000000000000000000000000000000000000000000000000000000000000000000000000000000000000000000001000101111111111111111111111111111111100000000000000000000000000000000010000000000 #
b01100000000000000000000000000000000000000000000000000000000000000000000000000000000000000000000000000000000000 -
b00000000000000000000000000000000 2
b11111111111111111111111111111111 5
b00000000000000000000000000000000 6
b00000000000000000000000000000000 7
b0100 8
b011 :
b11111111111111111111111111111111 >
b00000000000000000000000000000000 ?
b11111111111111111111111111111111 D
1G
b00000000000000000000000000000000 I
#7010
0"
0G
#7015
1"
1G
#7020
0"
0G
#7025
1"
1G
#7030
0"
0G
#7035
1"
1G
#7040
0"
0G
#7045
1"
1G
#7050
0"
0G
#7055
1"
1G
#7060
0"
0G
#7065
1"
1G
#7070
0"
0G
#7075
1"
1G
#7080
0"
0G
#7085
1"
1G
#7090
0"
0G
#7095
1"
1G
#7100
0"
0G
#7105
1"
1G
#7110
0"
0G
#7115
1"
1G
#7120
0"
0G
#7125
1"
1G
#7130
0"
0G
#7135
1"
1G
#7140
0"
0G
#7145
1"
1G
#7150
0"
0G
#7155
1"
1G
#7160
0"
0G
#7165
1"
1G
#7170
0"
0G
#7175
1"
1G
#7180
0"
0G
#7185
1"
1G
#7190
0"
0G
#7195
1"
1G
#7200
0"
0G
#7205
1"
1G
#7210
0"
0G
#7215
1"
1G
#7220
0"
0G
#7225
1"
1G
#7230
0"
0G
#7235
1"
1G
#7240
0"
0G
#7245
1"
1G
#7250
0"
0G
#7255
1"
1G
#7260
0"
0G
#7265
1"
1G
#7270
0"
0G
#7275
1"
1G
#7280
0"
0G
#7285
1"
1G
#7290
0"
0G
#7295
1"
1G
#7300
0"
0G
#7305
1"
1G
#7310
0"
0G
#7315
1"
1G
#7320
0"
0G
#7325
1"
1G
#7330
0"
0G
#7335
1"
1G
#7340
0"
0G
#7345
1"
1G
#7350
0"
0G
#7355
1"
1G
#7360
0"
0G
#7365
1"
1G
#7370
0"
0G
#7375
1"
1G
#7380
0"
0G
#7385
1"
1G
#7390
0"
0G
#7395
1"
1G
#7400
0"
0G
#7405
1"
1G
#7410
0"
0G
#7415
1"
1G
#7420
0"
0G
#7425
1"
1G
#7430
0"
0G
#7435
1"
1G
#7440
0"
0G
#7445
1"
1G
#7450
0"
0G
#7455
1"
1G
#7460
0"
0G
#7465
1"
1G
#7470
0"
0G
#7475
1"
1G
#7480
0"
0G
#7485
1"
1G
#7490
0"
0G
#7495
1"
1G
#7500
0"
0G
#7505
1"
1G
#7510
0"
0G
#7515
1"
1G
#7520
0"
0G
#7525
1"
1G
#7530
0"
0G
#7535
1"
1G
#7540
0"
0G
#7545
1"
1G
#7550
0"
0G
#7555
1"
1G
#7560
0"
0G
#7565
1"
1G
#7570
0"
0G
#7575
1"
1G
#7580
0"
0G
#7585
1"
1G
#7590
0"
0G
#7595
1"
1G
#7600
0"
0G
#7605
1"
1G
#7610
0"
0G
#7615
1"
1G
#7620
0"
0G
#7625
1"
1G
#7630
0"
0G
#7635
1"
1G
#7640
0"
0G
#7645
1"
1G
#7650
0"
0G
#7655
1"
1G
#7660
0"
0G
#7665
1"
1G
#7670
0"
0G
#7675
1"
1G
#7680
0"
0G
#7685
1"
1G
#7690
0"
0G
#7695
1"
1G
#7700
0"
0G
#7705
1"
1G
#7710
0"
0G
#7715
1"
1G
#7720
0"
0G
#7725
1"
1G
#7730
0"
0G
#7735
1"
1G
#7740
0"
0G
#7745
1"
1G
#7750
0"
0G
#7755
1"
1G
#7760
0"
0G
#7765
1"
1G
#7770
0"
0G
#7775
1"
1G
#7780
0"
0G
#7785
1"
1G
#7790
0"
0G
#7795
1"
1G
#7800
0"
0G
#7805
1"
1G
#7810
0"
0G
#7815
1"
1G
#7820
0"
0G
#7825
1"
1G
#7830
0"
0G
#7835
1"
1G
#7840
0"
0G
#7845
1"
1G
#7850
0"
0G
#7855
1"
1G
#7860
0"
0G
#7865
1"
1G
#7870
0"
0G
#7875
1"
1G
#7880
0"
0G
#7885
1"
1G
#7890
0"
0G
#7895
1"
1G
#7900
0"
0G
#7905
1"
1G
#7910
0"
0G
#7915
1"
1G
#7920
0"
0G
#7925
1"
1G
#7930
0"
0G
#7935
1"
1G
#7940
0"
0G
#7945
1"
1G
#7950
0"
0G
#7955
1"
1G
#7960
0"
0G
#7965
1"
1G
#7970
0"
0G
#7975
1"
1G
#7980
0"
0G
#7985
1"
1G
#7990
0"
0G
#7995
1"
1G
#8000
0"
0G
#8005
1"
b00100000000000000000000000000000000000000000000000000000000000000000000000000000000000000000000000000000000001000100000000000000000000000000000000100000000000000000000000000000000010000000000 #
b00100000000000000000000000000000000000000000000000000000000000000010000000000000000000000000000000000000000000 -
b00000000000000000000000000000001 2
b00000000000000000000000000000001 5
b0010 8
b001 :
b00000000000000000000000000000001 >
b00000000000000000000000000000001 D
1G
b00000000000000000000000000000001 I
#8010
0"
0G
#8015
1"
1G
#8020
0"
0G
#8025
1"
1G
#8030
0"
0G
#8035
1"
1G
#8040
0"
0G
#8045
1"
1G
#8050
0"
0G
#8055
1"
1G
#8060
0"
0G
#8065
1"
1G
#8070
0"
0G
#8075
1"
1G
#8080
0"
0G
#8085
1"
1G
#8090
0"
0G
#8095
1"
1G
#8100
0"
0G
#8105
1"
1G
#8110
0"
0G
#8115
1"
1G
#8120
0"
0G
#8125
1"
1G
#8130
0"
0G
#8135
1"
1G
#8140
0"
0G
#8145
1"
1G
#8150
0"
0G
#8155
1"
1G
#8160
0"
0G
#8165
1"
1G
#8170
0"
0G
#8175
1"
1G
#8180
0"
0G
#8185
1"
1G
#8190
0"
0G
#8195
1"
1G
#8200
0"
0G
#8205
1"
1G
#8210
0"
0G
#8215
1"
1G
#8220
0"
0G
#8225
1"
1G
#8230
0"
0G
#8235
1"
1G
#8240
0"
0G
#8245
1"
1G
#8250
0"
0G
#8255
1"
1G
#8260
0"
0G
#8265
1"
1G
#8270
0"
0G
#8275
1"
1G
#8280
0"
0G
#8285
1"
1G
#8290
0"
0G
#8295
1"
1G
#8300
0"
0G
#8305
1"
1G
#8310
0"
0G
#8315
1"
1G
#8320
0"
0G
#8325
1"
1G
#8330
0"
0G
#8335
1"
1G
#8340
0"
0G
#8345
1"
1G
#8350
0"
0G
#8355
1"
1G
#8360
0"
0G
#8365
1"
1G
#8370
0"
0G
#8375
1"
1G
#8380
0"
0G
#8385
1"
1G
#8390
0"
0G
#8395
1"
1G
#8400
0"
0G
#8405
1"
1G
#8410
0"
0G
#8415
1"
1G
#8420
0"
0G
#8425
1"
1G
#8430
0"
0G
#8435
1"
1G
#8440
0"
0G
#8445
1"
1G
#8450
0"
0G
#8455
1"
1G
#8460
0"
0G
#8465
1"
1G
#8470
0"
0G
#8475
1"
1G
#8480
0"
0G
#8485
1"
1G
#8490
0"
0G
#8495
1"
1G
#8500
0"
0G
#8505
1"
1G
#8510
0"
0G
#8515
1"
1G
#8520
0"
0G
#8525
1"
1G
#8530
0"
0G
#8535
1"
1G
#8540
0"
0G
#8545
1"
1G
#8550
0"
0G
#8555
1"
1G
#8560
0"
0G
#8565
1"
1G
#8570
0"
0G
#8575
1"
1G
#8580
0"
0G
#8585
1"
1G
#8590
0"
0G
#8595
1"
1G
#8600
0"
0G
#8605
1"
1G
#8610
0"
0G
#8615
1"
1G
#8620
0"
0G
#8625
1"
1G
#8630
0"
0G
#8635
1"
1G
#8640
0"
0G
#8645
1"
1G
#8650
0"
0G
#8655
1"
1G
#8660
0"
0G
#8665
1"
1G
#8670
0"
0G
#8675
1"
1G
#8680
0"
0G
#8685
1"
1G
#8690
0"
0G
#8695
1"
1G
#8700
0"
0G
#8705
1"
1G
#8710
0"
0G
#8715
1"
1G
#8720
0"
0G
#8725
1"
1G
#8730
0"
0G
#8735
1"
1G
#8740
0"
0G
#8745
1"
1G
#8750
0"
0G
#8755
1"
1G
#8760
0"
0G
#8765
1"
1G
#8770
0"
0G
#8775
1"
1G
#8780
0"
0G
#8785
1"
1G
#8790
0"
0G
#8795
1"
1G
#8800
0"
0G
#8805
1"
1G
#8810
0"
0G
#8815
1"
1G
#8820
0"
0G
#8825
1"
1G
#8830
0"
0G
#8835
1"
1G
#8840
0"
0G
#8845
1"
1G
#8850
0"
0G
#8855
1"
1G
#8860
0"
0G
#8865
1"
1G
#8870
0"
0G
#8875
1"
1G
#8880
0"
0G
#8885
1"
1G
#8890
0"
0G
#8895
1"
1G
#8900
0"
0G
#8905
1"
1G
#8910
0"
0G
#8915
1"
1G
#8920
0"
0G
#8925
1"
1G
#8930
0"
0G
#8935
1"
1G
#8940
0"
0G
#8945
1"
1G
#8950
0"
0G
#8955
1"
1G
#8960
0"
0G
#8965
1"
1G
#8970
0"
0G
#8975
1"
1G
#8980
0"
0G
#8985
1"
1G
#8990
0"
0G
#8995
1"
1G
#9000
0"
0G
#9005
1"
b00100000000000000000000000000000000000000000000000000000000000000000000000000000000000000000000000000000000001000100000000000000000000000000000000100000000000000000000000000000001010000000000 #
b00100000000000000000000000000000000000000000000000000000000000000100000000000000000000000000000000100000000000 -
b00000000000000000000000000000010 2
b00000000000000000000000000000001 6
b00000000000000000000000000000001 7
b00000000000000000000000000000001 ?
1G
b00000000000000000000000000000010 I
#9010
0"
0G
#9015
1"
1G
#9020
0"
0G
#9025
1"
1G
#9030
0"
0G
#9035
1"
1G
#9040
0"
0G
#9045
1"
1G
#9050
0"
0G
#9055
1"
1G
#9060
0"
0G
#9065
1"
1G
#9070
0"
0G
#9075
1"
1G
#9080
0"
0G
#9085
1"
1G
#9090
0"
0G
#9095
1"
1G
#9100
0"
0G
#9105
1"
1G
#9110
0"
0G
#9115
1"
1G
#9120
0"
0G
#9125
1"
1G
#9130
0"
0G
#9135
1"
1G
#9140
0"
0G
#9145
1"
1G
#9150
0"
0G
#9155
1"
1G
#9160
0"
0G
#9165
1"
1G
#9170
0"
0G
#9175
1"
1G
#9180
0"
0G
#9185
1"
1G
#9190
0"
0G
#9195
1"
1G
#9200
0"
0G
#9205
1"
1G
#9210
0"
0G
#9215
1"
1G
#9220
0"
0G
#9225
1"
1G
#9230
0"
0G
#9235
1"
1G
#9240
0"
0G
#9245
1"
1G
#9250
0"
0G
#9255
1"
1G
#9260
0"
0G
#9265
1"
1G
#9270
0"
0G
#9275
1"
1G
#9280
0"
0G
#9285
1"
1G
#9290
0"
0G
#9295
1"
1G
#9300
0"
0G
#9305
1"
1G
#9310
0"
0G
#9315
1"
1G
#9320
0"
0G
#9325
1"
1G
#9330
0"
0G
#9335
1"
1G
#9340
0"
0G
#9345
1"
1G
#9350
0"
0G
#9355
1"
1G
#9360
0"
0G
#9365
1"
1G
#9370
0"
0G
#9375
1"
1G
#9380
0"
0G
#9385
1"
1G
#9390
0"
0G
#9395
1"
1G
#9400
0"
0G
#9405
1"
1G
#9410
0"
0G
#9415
1"
1G
#9420
0"
0G
#9425
1"
1G
#9430
0"
0G
#9435
1"
1G
#9440
0"
0G
#9445
1"
1G
#9450
0"
0G
#9455
1"
1G
#9460
0"
0G
#9465
1"
1G
#9470
0"
0G
#9475
1"
1G
#9480
0"
0G
#9485
1"
1G
#9490
0"
0G
#9495
1"
1G
#9500
0"
0G
#9505
1"
1G
#9510
0"
0G
#9515
1"
1G
#9520
0"
0G
#9525
1"
1G
#9530
0"
0G
#9535
1"
1G
#9540
0"
0G
#9545
1"
1G
#9550
0"
0G
#9555
1"
1G
#9560
0"
0G
#9565
1"
1G
#9570
0"
0G
#9575
1"
1G
#9580
0"
0G
#9585
1"
1G
#9590
0"
0G
#9595
1"
1G
#9600
0"
0G
#9605
1"
1G
#9610
0"
0G
#9615
1"
1G
#9620
0"
0G
#9625
1"
1G
#9630
0"
0G
#9635
1"
1G
#9640
0"
0G
#9645
1"
1G
#9650
0"
0G
#9655
1"
1G
#9660
0"
0G
#9665
1"
1G
#9670
0"
0G
#9675
1"
1G
#9680
0"
0G
#9685
1"
1G
#9690
0"
0G
#9695
1"
1G
#9700
0"
0G
#9705
1"
1G
#9710
0"
0G
#9715
1"
1G
#9720
0"
0G
#9725
1"
1G
#9730
0"
0G
#9735
1"
1G
#9740
0"
0G
#9745
1"
1G
#9750
0"
0G
#9755
1"
1G
#9760
0"
0G
#9765
1"
1G
#9770
0"
0G
#9775
1"
1G
#9780
0"
0G
#9785
1"
1G
#9790
0"
0G
#9795
1"
1G
#9800
0"
0G
#9805
1"
1G
#9810
0"
0G
#9815
1"
1G
#9820
0"
0G
#9825
1"
1G
#9830
0"
0G
#9835
1"
1G
#9840
0"
0G
#9845
1"
1G
#9850
0"
0G
#9855
1"
1G
#9860
0"
0G
#9865
1"
1G
#9870
0"
0G
#9875
1"
1G
#9880
0"
0G
#9885
1"
1G
#9890
0"
0G
#9895
1"
1G
#9900
0"
0G
#9905
1"
1G
#9910
0"
0G
#9915
1"
1G
#9920
0"
0G
#9925
1"
1G
#9930
0"
0G
#9935
1"
1G
#9940
0"
0G
#9945
1"
1G
#9950
0"
0G
#9955
1"
1G
#9960
0"
0G
#9965
1"
1G
#9970
0"
0G
#9975
1"
1G
#9980
0"
0G
#9985
1"
1G
#9990
0"
0G
#9995
1"
1G
#10000
0"
0G
#10005
1"
b00100000000000000000000000000000000000000000000000000000000000000000000000000000000000000000000000000000000001000100000000000000000000000000000000100000000000000000000000000011111010000000000 #
b00100000000000000000000000000000000100000000000000000000000000000000000000000000000000000000001111100000000000 -
b10000000000000000000000000000000 2
b00000000000000000000000000011111 6
b00000000000000000000000000011111 7
b00000000000000000000000000011111 ?
1G
b10000000000000000000000000000000 I
#10010
0"
0G
#10015
1"
1G
#10020
0"
0G
#10025
1"
1G
#10030
0"
0G
#10035
1"
1G
#10040
0"
0G
#10045
1"
1G
#10050
0"
0G
#10055
1"
1G
#10060
0"
0G
#10065
1"
1G
#10070
0"
0G
#10075
1"
1G
#10080
0"
0G
#10085
1"
1G
#10090
0"
0G
#10095
1"
1G
#10100
0"
0G
#10105
1"
1G
#10110
0"
0G
#10115
1"
1G
#10120
0"
0G
#10125
1"
1G
#10130
0"
0G
#10135
1"
1G
#10140
0"
0G
#10145
1"
1G
#10150
0"
0G
#10155
1"
1G
#10160
0"
0G
#10165
1"
1G
#10170
0"
0G
#10175
1"
1G
#10180
0"
0G
#10185
1"
1G
#10190
0"
0G
#10195
1"
1G
#10200
0"
0G
#10205
1"
1G
#10210
0"
0G
#10215
1"
1G
#10220
0"
0G
#10225
1"
1G
#10230
0"
0G
#10235
1"
1G
#10240
0"
0G
#10245
1"
1G
#10250
0"
0G
#10255
1"
1G
#10260
0"
0G
#10265
1"
1G
#10270
0"
0G
#10275
1"
1G
#10280
0"
0G
#10285
1"
1G
#10290
0"
0G
#10295
1"
1G
#10300
0"
0G
#10305
1"
1G
#10310
0"
0G
#10315
1"
1G
#10320
0"
0G
#10325
1"
1G
#10330
0"
0G
#10335
1"
1G
#10340
0"
0G
#10345
1"
1G
#10350
0"
0G
#10355
1"
1G
#10360
0"
0G
#10365
1"
1G
#10370
0"
0G
#10375
1"
1G
#10380
0"
0G
#10385
1"
1G
#10390
0"
0G
#10395
1"
1G
#10400
0"
0G
#10405
1"
1G
#10410
0"
0G
#10415
1"
1G
#10420
0"
0G
#10425
1"
1G
#10430
0"
0G
#10435
1"
1G
#10440
0"
0G
#10445
1"
1G
#10450
0"
0G
#10455
1"
1G
#10460
0"
0G
#10465
1"
1G
#10470
0"
0G
#10475
1"
1G
#10480
0"
0G
#10485
1"
1G
#10490
0"
0G
#10495
1"
1G
#10500
0"
0G
#10505
1"
1G
#10510
0"
0G
#10515
1"
1G
#10520
0"
0G
#10525
1"
1G
#10530
0"
0G
#10535
1"
1G
#10540
0"
0G
#10545
1"
1G
#10550
0"
0G
#10555
1"
1G
#10560
0"
0G
#10565
1"
1G
#10570
0"
0G
#10575
1"
1G
#10580
0"
0G
#10585
1"
1G
#10590
0"
0G
#10595
1"
1G
#10600
0"
0G
#10605
1"
1G
#10610
0"
0G
#10615
1"
1G
#10620
0"
0G
#10625
1"
1G
#10630
0"
0G
#10635
1"
1G
#10640
0"
0G
#10645
1"
1G
#10650
0"
0G
#10655
1"
1G
#10660
0"
0G
#10665
1"
1G
#10670
0"
0G
#10675
1"
1G
#10680
0"
0G
#10685
1"
1G
#10690
0"
0G
#10695
1"
1G
#10700
0"
0G
#10705
1"
1G
#10710
0"
0G
#10715
1"
1G
#10720
0"
0G
#10725
1"
1G
#10730
0"
0G
#10735
1"
1G
#10740
0"
0G
#10745
1"
1G
#10750
0"
0G
#10755
1"
1G
#10760
0"
0G
#10765
1"
1G
#10770
0"
0G
#10775
1"
1G
#10780
0"
0G
#10785
1"
1G
#10790
0"
0G
#10795
1"
1G
#10800
0"
0G
#10805
1"
1G
#10810
0"
0G
#10815
1"
1G
#10820
0"
0G
#10825
1"
1G
#10830
0"
0G
#10835
1"
1G
#10840
0"
0G
#10845
1"
1G
#10850
0"
0G
#10855
1"
1G
#10860
0"
0G
#10865
1"
1G
#10870
0"
0G
#10875
1"
1G
#10880
0"
0G
#10885
1"
1G
#10890
0"
0G
#10895
1"
1G
#10900
0"
0G
#10905
1"
1G
#10910
0"
0G
#10915
1"
1G
#10920
0"
0G
#10925
1"
1G
#10930
0"
0G
#10935
1"
1G
#10940
0"
0G
#10945
1"
1G
#10950
0"
0G
#10955
1"
1G
#10960
0"
0G
#10965
1"
1G
#10970
0"
0G
#10975
1"
1G
#10980
0"
0G
#10985
1"
1G
#10990
0"
0G
#10995
1"
1G
#11000
0"
0G
#11005
1"
b00000000000000000000000000000000000000000000000000000000000000000000000000000000000000000000000000000000000000000100000000000000000000000000000000000000000000000000000000000001010010000000000 #
b0000001 )
b11111111111111111111111111111111 +
b00000000000000000000000000000000000000000000000000000000000000010100000000000000000000000000000101000000000000 -
b00000000000000000000000000001010 2
b00000000000000000000000000000000 5
b00000000000000000000000000001010 6
b00000000000000000000000000001010 7
b0000 8
b000 :
b00000000000000000000000000000000 >
b00000000000000000000000000001010 ?
b00000000000000000000000000000000 D
b00000 E
1G
b00000000000000000000000000001010 I
#11010
0"
0G
#11015
1"
1G
#11020
0"
0G
#11025
1"
1G
#11030
0"
0G
#11035
1"
1G
#11040
0"
0G
#11045
1"
1G
#11050
0"
0G
#11055
1"
1G
#11060
0"
0G
#11065
1"
1G
#11070
0"
0G
#11075
1"
1G
#11080
0"
0G
#11085
1"
1G
#11090
0"
0G
#11095
1"
1G
#11100
0"
0G
#11105
1"
1G
#11110
0"
0G
#11115
1"
1G
#11120
0"
0G
#11125
1"
1G
#11130
0"
0G
#11135
1"
1G
#11140
0"
0G
#11145
1"
1G
#11150
0"
0G
#11155
1"
1G
#11160
0"
0G
#11165
1"
1G
#11170
0"
0G
#11175
1"
1G
#11180
0"
0G
#11185
1"
1G
#11190
0"
0G
#11195
1"
1G
#11200
0"
0G
#11205
1"
1G
#11210
0"
0G
#11215
1"
1G
#11220
0"
0G
#11225
1"
1G
#11230
0"
0G
#11235
1"
1G
#11240
0"
0G
#11245
1"
1G
#11250
0"
0G
#11255
1"
1G
#11260
0"
0G
#11265
1"
1G
#11270
0"
0G
#11275
1"
1G
#11280
0"
0G
#11285
1"
1G
#11290
0"
0G
#11295
1"
1G
#11300
0"
0G
#11305
1"
1G
#11310
0"
0G
#11315
1"
1G
#11320
0"
0G
#11325
1"
1G
#11330
0"
0G
#11335
1"
1G
#11340
0"
0G
#11345
1"
1G
#11350
0"
0G
#11355
1"
1G
#11360
0"
0G
#11365
1"
1G
#11370
0"
0G
#11375
1"
1G
#11380
0"
0G
#11385
1"
1G
#11390
0"
0G
#11395
1"
1G
#11400
0"
0G
#11405
1"
1G
#11410
0"
0G
#11415
1"
1G
#11420
0"
0G
#11425
1"
1G
#11430
0"
0G
#11435
1"
1G
#11440
0"
0G
#11445
1"
1G
#11450
0"
0G
#11455
1"
1G
#11460
0"
0G
#11465
1"
1G
#11470
0"
0G
#11475
1"
1G
#11480
0"
0G
#11485
1"
1G
#11490
0"
0G
#11495
1"
1G
#11500
0"
0G
#11505
1"
1G
#11510
0"
0G
#11515
1"
1G
#11520
0"
0G
#11525
1"
1G
#11530
0"
0G
#11535
1"
1G
#11540
0"
0G
#11545
1"
1G
#11550
0"
0G
#11555
1"
1G
#11560
0"
0G
#11565
1"
1G
#11570
0"
0G
#11575
1"
1G
#11580
0"
0G
#11585
1"
1G
#11590
0"
0G
#11595
1"
1G
#11600
0"
0G
#11605
1"
1G
#11610
0"
0G
#11615
1"
1G
#11620
0"
0G
#11625
1"
1G
#11630
0"
0G
#11635
1"
1G
#11640
0"
0G
#11645
1"
1G
#11650
0"
0G
#11655
1"
1G
#11660
0"
0G
#11665
1"
1G
#11670
0"
0G
#11675
1"
1G
#11680
0"
0G
#11685
1"
1G
#11690
0"
0G
#11695
1"
1G
#11700
0"
0G
#11705
1"
1G
#11710
0"
0G
#11715
1"
1G
#11720
0"
0G
#11725
1"
1G
#11730
0"
0G
#11735
1"
1G
#11740
0"
0G
#11745
1"
1G
#11750
0"
0G
#11755
1"
1G
#11760
0"
0G
#11765
1"
1G
#11770
0"
0G
#11775
1"
1G
#11780
0"
0G
#11785
1"
1G
#11790
0"
0G
#11795
1"
1G
#11800
0"
0G
#11805
1"
1G
#11810
0"
0G
#11815
1"
1G
#11820
0"
0G
#11825
1"
1G
#11830
0"
0G
#11835
1"
1G
#11840
0"
0G
#11845
1"
1G
#11850
0"
0G
#11855
1"
1G
#11860
0"
0G
#11865
1"
1G
#11870
0"
0G
#11875
1"
1G
#11880
0"
0G
#11885
1"
1G
#11890
0"
0G
#11895
1"
1G
#11900
0"
0G
#11905
1"
1G
#11910
0"
0G
#11915
1"
1G
#11920
0"
0G
#11925
1"
1G
#11930
0"
0G
#11935
1"
1G
#11940
0"
0G
#11945
1"
1G
#11950
0"
0G
#11955
1"
1G
#11960
0"
0G
#11965
1"
1G
#11970
0"
0G
#11975
1"
1G
#11980
0"
0G
#11985
1"
1G
#11990
0"
0G
#11995
1"
1G
#12000
0"
0G
#12005
1"
b00000000000000000000000000000000000000000000000000000000000000000000000000000000000000000000000000000000000101000100000000000000000000000000000101000000000000000000000000000010100010000000000 #
b0010100 )
b00000000000000000000000000000000000000000000000000000000000000111100000000000000000000000000001010000000000000 -
b00000000000000000000000000011110 2
b00000000000000000000000000001010 5
b00000000000000000000000000010100 6
b00000000000000000000000000010100 7
b00000000000000000000000000001010 >
b00000000000000000000000000010100 ?
b00000000000000000000000000001010 D
b00101 E
1G
b00000000000000000000000000011110 I
#12010
0"
0G
#12015
1"
1G
#12020
0"
0G
#12025
1"
1G
#12030
0"
0G
#12035
1"
1G
#12040
0"
0G
#12045
1"
1G
#12050
0"
0G
#12055
1"
1G
#12060
0"
0G
#12065
1"
1G
#12070
0"
0G
#12075
1"
1G
#12080
0"
0G
#12085
1"
1G
#12090
0"
0G
#12095
1"
1G
#12100
0"
0G
#12105
1"
1G
#12110
0"
0G
#12115
1"
1G
#12120
0"
0G
#12125
1"
1G
#12130
0"
0G
#12135
1"
1G
#12140
0"
0G
#12145
1"
1G
#12150
0"
0G
#12155
1"
1G
#12160
0"
0G
#12165
1"
1G
#12170
0"
0G
#12175
1"
1G
#12180
0"
0G
#12185
1"
1G
#12190
0"
0G
#12195
1"
1G
#12200
0"
0G
#12205
1"
1G
#12210
0"
0G
#12215
1"
1G
#12220
0"
0G
#12225
1"
1G
#12230
0"
0G
#12235
1"
1G
#12240
0"
0G
#12245
1"
1G
#12250
0"
0G
#12255
1"
1G
#12260
0"
0G
#12265
1"
1G
#12270
0"
0G
#12275
1"
1G
#12280
0"
0G
#12285
1"
1G
#12290
0"
0G
#12295
1"
1G
#12300
0"
0G
#12305
1"
1G
#12310
0"
0G
#12315
1"
1G
#12320
0"
0G
#12325
1"
1G
#12330
0"
0G
#12335
1"
1G
#12340
0"
0G
#12345
1"
1G
#12350
0"
0G
#12355
1"
1G
#12360
0"
0G
#12365
1"
1G
#12370
0"
0G
#12375
1"
1G
#12380
0"
0G
#12385
1"
1G
#12390
0"
0G
#12395
1"
1G
#12400
0"
0G
#12405
1"
1G
#12410
0"
0G
#12415
1"
1G
#12420
0"
0G
#12425
1"
1G
#12430
0"
0G
#12435
1"
1G
#12440
0"
0G
#12445
1"
1G
#12450
0"
0G
#12455
1"
1G
#12460
0"
0G
#12465
1"
1G
#12470
0"
0G
#12475
1"
1G
#12480
0"
0G
#12485
1"
1G
#12490
0"
0G
#12495
1"
1G
#12500
0"
0G
#12505
1"
1G
#12510
0"
0G
#12515
1"
1G
#12520
0"
0G
#12525
1"
1G
#12530
0"
0G
#12535
1"
1G
#12540
0"
0G
#12545
1"
1G
#12550
0"
0G
#12555
1"
1G
#12560
0"
0G
#12565
1"
1G
#12570
0"
0G
#12575
1"
1G
#12580
0"
0G
#12585
1"
1G
#12590
0"
0G
#12595
1"
1G
#12600
0"
0G
#12605
1"
1G
#12610
0"
0G
#12615
1"
1G
#12620
0"
0G
#12625
1"
1G
#12630
0"
0G
#12635
1"
1G
#12640
0"
0G
#12645
1"
1G
#12650
0"
0G
#12655
1"
1G
#12660
0"
0G
#12665
1"
1G
#12670
0"
0G
#12675
1"
1G
#12680
0"
0G
#12685
1"
1G
#12690
0"
0G
#12695
1"
1G
#12700
0"
0G
#12705
1"
1G
#12710
0"
0G
#12715
1"
1G
#12720
0"
0G
#12725
1"
1G
#12730
0"
0G
#12735
1"
1G
#12740
0"
0G
#12745
1"
1G
#12750
0"
0G
#12755
1"
1G
#12760
0"
0G
#12765
1"
1G
#12770
0"
0G
#12775
1"
1G
#12780
0"
0G
#12785
1"
1G
#12790
0"
0G
#12795
1"
1G
#12800
0"
0G
#12805
1"
1G
#12810
0"
0G
#12815
1"
1G
#12820
0"
0G
#12825
1"
1G
#12830
0"
0G
#12835
1"
1G
#12840
0"
0G
#12845
1"
1G
#12850
0"
0G
#12855
1"
1G
#12860
0"
0G
#12865
1"
1G
#12870
0"
0G
#12875
1"
1G
#12880
0"
0G
#12885
1"
1G
#12890
0"
0G
#12895
1"
1G
#12900
0"
0G
#12905
1"
1G
#12910
0"
0G
#12915
1"
1G
#12920
0"
0G
#12925
1"
1G
#12930
0"
0G
#12935
1"
1G
#12940
0"
0G
#12945
1"
1G
#12950
0"
0G
#12955
1"
1G
#12960
0"
0G
#12965
1"
1G
#12970
0"
0G
#12975
1"
1G
#12980
0"
0G
#12985
1"
1G
#12990
0"
0G
#12995
1"
1G
#13000
0"
0G
#13005
1"
b00000000000000000000000000000000000000000000000000000000000000000000000000000000000000000000000000000000000101000100000000000000000000000000000101000000000000000000000000000000001010000000000 #
b0010101 )
b0010101 *
b00000000000000000000000001100100 +
b00000000000000000000000011001000 ,
b00000000000000000000000000000000000000000000000000000000000011001010000000000000000000000000000000100000000000 -
b00000000000000000000000001100101 2
b01 3
b00000000000000000000000001100100 5
b00000000000000000000000000000001 6
b00000000000000000000000000000001 7
b01 <
b00000000000000000000000000000001 ?
b00000000000000000000000001100100 D
1G
b00000000000000000000000001100101 I
#13010
0"
0G
#13015
1"
1G
#13020
0"
0G
#13025
1"
1G
#13030
0"
0G
#13035
1"
1G
#13040
0"
0G
#13045
1"
1G
#13050
0"
0G
#13055
1"
1G
#13060
0"
0G
#13065
1"
1G
#13070
0"
0G
#13075
1"
1G
#13080
0"
0G
#13085
1"
1G
#13090
0"
0G
#13095
1"
1G
#13100
0"
0G
#13105
1"
1G
#13110
0"
0G
#13115
1"
1G
#13120
0"
0G
#13125
1"
1G
#13130
0"
0G
#13135
1"
1G
#13140
0"
0G
#13145
1"
1G
#13150
0"
0G
#13155
1"
1G
#13160
0"
0G
#13165
1"
1G
#13170
0"
0G
#13175
1"
1G
#13180
0"
0G
#13185
1"
1G
#13190
0"
0G
#13195
1"
1G
#13200
0"
0G
#13205
1"
1G
#13210
0"
0G
#13215
1"
1G
#13220
0"
0G
#13225
1"
1G
#13230
0"
0G
#13235
1"
1G
#13240
0"
0G
#13245
1"
1G
#13250
0"
0G
#13255
1"
1G
#13260
0"
0G
#13265
1"
1G
#13270
0"
0G
#13275
1"
1G
#13280
0"
0G
#13285
1"
1G
#13290
0"
0G
#13295
1"
1G
#13300
0"
0G
#13305
1"
1G
#13310
0"
0G
#13315
1"
1G
#13320
0"
0G
#13325
1"
1G
#13330
0"
0G
#13335
1"
1G
#13340
0"
0G
#13345
1"
1G
#13350
0"
0G
#13355
1"
1G
#13360
0"
0G
#13365
1"
1G
#13370
0"
0G
#13375
1"
1G
#13380
0"
0G
#13385
1"
1G
#13390
0"
0G
#13395
1"
1G
#13400
0"
0G
#13405
1"
1G
#13410
0"
0G
#13415
1"
1G
#13420
0"
0G
#13425
1"
1G
#13430
0"
0G
#13435
1"
1G
#13440
0"
0G
#13445
1"
1G
#13450
0"
0G
#13455
1"
1G
#13460
0"
0G
#13465
1"
1G
#13470
0"
0G
#13475
1"
1G
#13480
0"
0G
#13485
1"
1G
#13490
0"
0G
#13495
1"
1G
#13500
0"
0G
#13505
1"
1G
#13510
0"
0G
#13515
1"
1G
#13520
0"
0G
#13525
1"
1G
#13530
0"
0G
#13535
1"
1G
#13540
0"
0G
#13545
1"
1G
#13550
0"
0G
#13555
1"
1G
#13560
0"
0G
#13565
1"
1G
#13570
0"
0G
#13575
1"
1G
#13580
0"
0G
#13585
1"
1G
#13590
0"
0G
#13595
1"
1G
#13600
0"
0G
#13605
1"
1G
#13610
0"
0G
#13615
1"
1G
#13620
0"
0G
#13625
1"
1G
#13630
0"
0G
#13635
1"
1G
#13640
0"
0G
#13645
1"
1G
#13650
0"
0G
#13655
1"
1G
#13660
0"
0G
#13665
1"
1G
#13670
0"
0G
#13675
1"
1G
#13680
0"
0G
#13685
1"
1G
#13690
0"
0G
#13695
1"
1G
#13700
0"
0G
#13705
1"
1G
#13710
0"
0G
#13715
1"
1G
#13720
0"
0G
#13725
1"
1G
#13730
0"
0G
#13735
1"
1G
#13740
0"
0G
#13745
1"
1G
#13750
0"
0G
#13755
1"
1G
#13760
0"
0G
#13765
1"
1G
#13770
0"
0G
#13775
1"
1G
#13780
0"
0G
#13785
1"
1G
#13790
0"
0G
#13795
1"
1G
#13800
0"
0G
#13805
1"
1G
#13810
0"
0G
#13815
1"
1G
#13820
0"
0G
#13825
1"
1G
#13830
0"
0G
#13835
1"
1G
#13840
0"
0G
#13845
1"
1G
#13850
0"
0G
#13855
1"
1G
#13860
0"
0G
#13865
1"
1G
#13870
0"
0G
#13875
1"
1G
#13880
0"
0G
#13885
1"
1G
#13890
0"
0G
#13895
1"
1G
#13900
0"
0G
#13905
1"
1G
#13910
0"
0G
#13915
1"
1G
#13920
0"
0G
#13925
1"
1G
#13930
0"
0G
#13935
1"
1G
#13940
0"
0G
#13945
1"
1G
#13950
0"
0G
#13955
1"
1G
#13960
0"
0G
#13965
1"
1G
#13970
0"
0G
#13975
1"
1G
#13980
0"
0G
#13985
1"
1G
#13990
0"
0G
#13995
1"
1G
#14000
0"
0G
#14005
1"
b00000000000000000000000100000000000000000000000000000000000000000000000000000000000000000000000000000000000001000100000000000000000000000000000000000000000000000000000000000010100010100000000 #
b0000000 )
b0000000 *
b00000000000000000000000000000000 +
b00000000000000000000000000000000 ,
b00000000000000000000000000000000000000000000000000000010000000101000000000000000000000000000001010000000000000 -
b00000000000000000001000000010100 2
b00 3
b00000000000000000001000000000000 5
b00000000000000000000000000010100 6
b00000000000000000000000000010100 7
b00 <
b00000000000000000000000000000000 >
b00000000000000000000000000010100 ?
b01 @
b00000000000000000001000000000000 B
b00000000000000000000000000000000 D
b00001 E
1G
b00000000000000000001000000010100 I
#14010
0"
0G
#14015
1"
1G
#14020
0"
0G
#14025
1"
1G
#14030
0"
0G
#14035
1"
1G
#14040
0"
0G
#14045
1"
1G
#14050
0"
0G
#14055
1"
1G
#14060
0"
0G
#14065
1"
1G
#14070
0"
0G
#14075
1"
1G
#14080
0"
0G
#14085
1"
1G
#14090
0"
0G
#14095
1"
1G
#14100
0"
0G
#14105
1"
1G
#14110
0"
0G
#14115
1"
1G
#14120
0"
0G
#14125
1"
1G
#14130
0"
0G
#14135
1"
1G
#14140
0"
0G
#14145
1"
1G
#14150
0"
0G
#14155
1"
1G
#14160
0"
0G
#14165
1"
1G
#14170
0"
0G
#14175
1"
1G
#14180
0"
0G
#14185
1"
1G
#14190
0"
0G
#14195
1"
1G
#14200
0"
0G
#14205
1"
1G
#14210
0"
0G
#14215
1"
1G
#14220
0"
0G
#14225
1"
1G
#14230
0"
0G
#14235
1"
1G
#14240
0"
0G
#14245
1"
1G
#14250
0"
0G
#14255
1"
1G
#14260
0"
0G
#14265
1"
1G
#14270
0"
0G
#14275
1"
1G
#14280
0"
0G
#14285
1"
1G
#14290
0"
0G
#14295
1"
1G
#14300
0"
0G
#14305
1"
1G
#14310
0"
0G
#14315
1"
1G
#14320
0"
0G
#14325
1"
1G
#14330
0"
0G
#14335
1"
1G
#14340
0"
0G
#14345
1"
1G
#14350
0"
0G
#14355
1"
1G
#14360
0"
0G
#14365
1"
1G
#14370
0"
0G
#14375
1"
1G
#14380
0"
0G
#14385
1"
1G
#14390
0"
0G
#14395
1"
1G
#14400
0"
0G
#14405
1"
1G
#14410
0"
0G
#14415
1"
1G
#14420
0"
0G
#14425
1"
1G
#14430
0"
0G
#14435
1"
1G
#14440
0"
0G
#14445
1"
1G
#14450
0"
0G
#14455
1"
1G
#14460
0"
0G
#14465
1"
1G
#14470
0"
0G
#14475
1"
1G
#14480
0"
0G
#14485
1"
1G
#14490
0"
0G
#14495
1"
1G
#14500
0"
0G
#14505
1"
1G
#14510
0"
0G
#14515
1"
1G
#14520
0"
0G
#14525
1"
1G
#14530
0"
0G
#14535
1"
1G
#14540
0"
0G
#14545
1"
1G
#14550
0"
0G
#14555
1"
1G
#14560
0"
0G
#14565
1"
1G
#14570
0"
0G
#14575
1"
1G
#14580
0"
0G
#14585
1"
1G
#14590
0"
0G
#14595
1"
1G
#14600
0"
0G
#14605
1"
1G
#14610
0"
0G
#14615
1"
1G
#14620
0"
0G
#14625
1"
1G
#14630
0"
0G
#14635
1"
1G
#14640
0"
0G
#14645
1"
1G
#14650
0"
0G
#14655
1"
1G
#14660
0"
0G
#14665
1"
1G
#14670
0"
0G
#14675
1"
1G
#14680
0"
0G
#14685
1"
1G
#14690
0"
0G
#14695
1"
1G
#14700
0"
0G
#14705
1"
1G
#14710
0"
0G
#14715
1"
1G
#14720
0"
0G
#14725
1"
1G
#14730
0"
0G
#14735
1"
1G
#14740
0"
0G
#14745
1"
1G
#14750
0"
0G
#14755
1"
1G
#14760
0"
0G
#14765
1"
1G
#14770
0"
0G
#14775
1"
1G
#14780
0"
0G
#14785
1"
1G
#14790
0"
0G
#14795
1"
1G
#14800
0"
0G
#14805
1"
1G
#14810
0"
0G
#14815
1"
1G
#14820
0"
0G
#14825
1"
1G
#14830
0"
0G
#14835
1"
1G
#14840
0"
0G
#14845
1"
1G
#14850
0"
0G
#14855
1"
1G
#14860
0"
0G
#14865
1"
1G
#14870
0"
0G
#14875
1"
1G
#14880
0"
0G
#14885
1"
1G
#14890
0"
0G
#14895
1"
1G
#14900
0"
0G
#14905
1"
1G
#14910
0"
0G
#14915
1"
1G
#14920
0"
0G
#14925
1"
1G
#14930
0"
0G
#14935
1"
1G
#14940
0"
0G
#14945
1"
1G
#14950
0"
0G
#14955
1"
1G
#14960
0"
0G
#14965
1"
1G
#14970
0"
0G
#14975
1"
1G
#14980
0"
0G
#14985
1"
1G
#14990
0"
0G
#14995
1"
1G
#15000
0"
0G
#15005
1"
b00000000000000000000000000000000000000000000000000000000000000000000000000000000000000000000000000000000000001000101111111111111111111111111111111100000000000000000000000000010100011000000000 #
b00000000000000000000000000000000000000000000000000000000000000101000000000000000000000000000001010000000000000 -
b00000000000000000000000000010100 2
b00000000000000000000000000000000 5
b11111111111111111111111111111111 >
b10 @
b00000000000000000000000000000000 B
b11111111111111111111111111111111 D
1G
b00000000000000000000000000010100 I
#15010
0"
0G
#15015
1"
1G
#15020
0"
0G
#15025
1"
1G
#15030
0"
0G
#15035
1"
1G
#15040
0"
0G
#15045
1"
1G
#15050
0"
0G
#15055
1"
1G
#15060
0"
0G
#15065
1"
1G
#15070
0"
0G
#15075
1"
1G
#15080
0"
0G
#15085
1"
1G
#15090
0"
0G
#15095
1"
1G
#15100
0"
0G
#15105
1"
1G
#15110
0"
0G
#15115
1"
1G
#15120
0"
0G
#15125
1"
1G
#15130
0"
0G
#15135
1"
1G
#15140
0"
0G
#15145
1"
1G
#15150
0"
0G
#15155
1"
1G
#15160
0"
0G
#15165
1"
1G
#15170
0"
0G
#15175
1"
1G
#15180
0"
0G
#15185
1"
1G
#15190
0"
0G
#15195
1"
1G
#15200
0"
0G
#15205
1"
1G
#15210
0"
0G
#15215
1"
1G
#15220
0"
0G
#15225
1"
1G
#15230
0"
0G
#15235
1"
1G
#15240
0"
0G
#15245
1"
1G
#15250
0"
0G
#15255
1"
1G
#15260
0"
0G
#15265
1"
1G
#15270
0"
0G
#15275
1"
1G
#15280
0"
0G
#15285
1"
1G
#15290
0"
0G
#15295
1"
1G
#15300
0"
0G
#15305
1"
1G
#15310
0"
0G
#15315
1"
1G
#15320
0"
0G
#15325
1"
1G
#15330
0"
0G
#15335
1"
1G
#15340
0"
0G
#15345
1"
1G
#15350
0"
0G
#15355
1"
1G
#15360
0"
0G
#15365
1"
1G
#15370
0"
0G
#15375
1"
1G
#15380
0"
0G
#15385
1"
1G
#15390
0"
0G
#15395
1"
1G
#15400
0"
0G
#15405
1"
1G
#15410
0"
0G
#15415
1"
1G
#15420
0"
0G
#15425
1"
1G
#15430
0"
0G
#15435
1"
1G
#15440
0"
0G
#15445
1"
1G
#15450
0"
0G
#15455
1"
1G
#15460
0"
0G
#15465
1"
1G
#15470
0"
0G
#15475
1"
1G
#15480
0"
0G
#15485
1"
1G
#15490
0"
0G
#15495
1"
1G
#15500
0"
0G
#15505
1"
1G
#15510
0"
0G
#15515
1"
1G
#15520
0"
0G
#15525
1"
1G
#15530
0"
0G
#15535
1"
1G
#15540
0"
0G
#15545
1"
1G
#15550
0"
0G
#15555
1"
1G
#15560
0"
0G
#15565
1"
1G
#15570
0"
0G
#15575
1"
1G
#15580
0"
0G
#15585
1"
1G
#15590
0"
0G
#15595
1"
1G
#15600
0"
0G
#15605
1"
1G
#15610
0"
0G
#15615
1"
1G
#15620
0"
0G
#15625
1"
1G
#15630
0"
0G
#15635
1"
1G
#15640
0"
0G
#15645
1"
1G
#15650
0"
0G
#15655
1"
1G
#15660
0"
0G
#15665
1"
1G
#15670
0"
0G
#15675
1"
1G
#15680
0"
0G
#15685
1"
1G
#15690
0"
0G
#15695
1"
1G
#15700
0"
0G
#15705
1"
1G
#15710
0"
0G
#15715
1"
1G
#15720
0"
0G
#15725
1"
1G
#15730
0"
0G
#15735
1"
1G
#15740
0"
0G
#15745
1"
1G
#15750
0"
0G
#15755
1"
1G
#15760
0"
0G
#15765
1"
1G
#15770
0"
0G
#15775
1"
1G
#15780
0"
0G
#15785
1"
1G
#15790
0"
0G
#15795
1"
1G
#15800
0"
0G
#15805
1"
1G
#15810
0"
0G
#15815
1"
1G
#15820
0"
0G
#15825
1"
1G
#15830
0"
0G
#15835
1"
1G
#15840
0"
0G
#15845
1"
1G
#15850
0"
0G
#15855
1"
1G
#15860
0"
0G
#15865
1"
1G
#15870
0"
0G
#15875
1"
1G
#15880
0"
0G
#15885
1"
1G
#15890
0"
0G
#15895
1"
1G
#15900
0"
0G
#15905
1"
1G
#15910
0"
0G
#15915
1"
1G
#15920
0"
0G
#15925
1"
1G
#15930
0"
0G
#15935
1"
1G
#15940
0"
0G
#15945
1"
1G
#15950
0"
0G
#15955
1"
1G
#15960
0"
0G
#15965
1"
1G
#15970
0"
0G
#15975
1"
1G
#15980
0"
0G
#15985
1"
1G
#15990
0"
0G
#15995
1"
1G
#16000
0"
0G
#16005
1"
b00000000000000000000000000000000000000000000000000000000000000000000000000000000000000000000001100100000000001000100000000000000000000000000110010011111111111111111111111111111111010001000000 #
b00000000000000000000000000000000000000000000000000000000000100101101111111111111111111111111111111100000000000 -
b00000000000000000000000010010110 2
b00000000000000000000000001100100 5
b00000000000000000000000000110010 6
b11111111111111111111111111111111 7
b00000000000000000000000001100100 >
b11111111111111111111111111111111 ?
b00 @
b01 A
b00000000000000000000000000110010 C
b00000000000000000000000001100100 D
1G
b00000000000000000000000010010110 I
#16010
0"
0G
#16015
1"
1G
#16020
0"
0G
#16025
1"
1G
#16030
0"
0G
#16035
1"
1G
#16040
0"
0G
#16045
1"
1G
#16050
0"
0G
#16055
1"
1G
#16060
0"
0G
#16065
1"
1G
#16070
0"
0G
#16075
1"
1G
#16080
0"
0G
#16085
1"
1G
#16090
0"
0G
#16095
1"
1G
#16100
0"
0G
#16105
1"
1G
#16110
0"
0G
#16115
1"
1G
#16120
0"
0G
#16125
1"
1G
#16130
0"
0G
#16135
1"
1G
#16140
0"
0G
#16145
1"
1G
#16150
0"
0G
#16155
1"
1G
#16160
0"
0G
#16165
1"
1G
#16170
0"
0G
#16175
1"
1G
#16180
0"
0G
#16185
1"
1G
#16190
0"
0G
#16195
1"
1G
#16200
0"
0G
#16205
1"
1G
#16210
0"
0G
#16215
1"
1G
#16220
0"
0G
#16225
1"
1G
#16230
0"
0G
#16235
1"
1G
#16240
0"
0G
#16245
1"
1G
#16250
0"
0G
#16255
1"
1G
#16260
0"
0G
#16265
1"
1G
#16270
0"
0G
#16275
1"
1G
#16280
0"
0G
#16285
1"
1G
#16290
0"
0G
#16295
1"
1G
#16300
0"
0G
#16305
1"
1G
#16310
0"
0G
#16315
1"
1G
#16320
0"
0G
#16325
1"
1G
#16330
0"
0G
#16335
1"
1G
#16340
0"
0G
#16345
1"
1G
#16350
0"
0G
#16355
1"
1G
#16360
0"
0G
#16365
1"
1G
#16370
0"
0G
#16375
1"
1G
#16380
0"
0G
#16385
1"
1G
#16390
0"
0G
#16395
1"
1G
#16400
0"
0G
#16405
1"
1G
#16410
0"
0G
#16415
1"
1G
#16420
0"
0G
#16425
1"
1G
#16430
0"
0G
#16435
1"
1G
#16440
0"
0G
#16445
1"
1G
#16450
0"
0G
#16455
1"
1G
#16460
0"
0G
#16465
1"
1G
#16470
0"
0G
#16475
1"
1G
#16480
0"
0G
#16485
1"
1G
#16490
0"
0G
#16495
1"
1G
#16500
0"
0G
#16505
1"
1G
#16510
0"
0G
#16515
1"
1G
#16520
0"
0G
#16525
1"
1G
#16530
0"
0G
#16535
1"
1G
#16540
0"
0G
#16545
1"
1G
#16550
0"
0G
#16555
1"
1G
#16560
0"
0G
#16565
1"
1G
#16570
0"
0G
#16575
1"
1G
#16580
0"
0G
#16585
1"
1G
#16590
0"
0G
#16595
1"
1G
#16600
0"
0G
#16605
1"
1G
#16610
0"
0G
#16615
1"
1G
#16620
0"
0G
#16625
1"
1G
#16630
0"
0G
#16635
1"
1G
#16640
0"
0G
#16645
1"
1G
#16650
0"
0G
#16655
1"
1G
#16660
0"
0G
#16665
1"
1G
#16670
0"
0G
#16675
1"
1G
#16680
0"
0G
#16685
1"
1G
#16690
0"
0G
#16695
1"
1G
#16700
0"
0G
#16705
1"
1G
#16710
0"
0G
#16715
1"
1G
#16720
0"
0G
#16725
1"
1G
#16730
0"
0G
#16735
1"
1G
#16740
0"
0G
#16745
1"
1G
#16750
0"
0G
#16755
1"
1G
#16760
0"
0G
#16765
1"
1G
#16770
0"
0G
#16775
1"
1G
#16780
0"
0G
#16785
1"
1G
#16790
0"
0G
#16795
1"
1G
#16800
0"
0G
#16805
1"
1G
#16810
0"
0G
#16815
1"
1G
#16820
0"
0G
#16825
1"
1G
#16830
0"
0G
#16835
1"
1G
#16840
0"
0G
#16845
1"
1G
#16850
0"
0G
#16855
1"
1G
#16860
0"
0G
#16865
1"
1G
#16870
0"
0G
#16875
1"
1G
#16880
0"
0G
#16885
1"
1G
#16890
0"
0G
#16895
1"
1G
#16900
0"
0G
#16905
1"
1G
#16910
0"
0G
#16915
1"
1G
#16920
0"
0G
#16925
1"
1G
#16930
0"
0G
#16935
1"
1G
#16940
0"
0G
#16945
1"
1G
#16950
0"
0G
#16955
1"
1G
#16960
0"
0G
#16965
1"
1G
#16970
0"
0G
#16975
1"
1G
#16980
0"
0G
#16985
1"
1G
#16990
0"
0G
#16995
1"
1G
#17000
0"
0G
#17005
1"
b00000000000000000000000000000000000000000000000000000000000000000000000000000000000000000000000000000000000000000000000000000000000000000000000000000000000000000000000000000000000000000000000 #
b00000000000000000000000000000000000000000000000000000000000000000000000000000000000000000000000000000000000000 -
b00000000000000000000000000000000 2
b00000000000000000000000000000000 5
b00000000000000000000000000000000 6
b00000000000000000000000000000000 7
b00 9
b00000000000000000000000000000000 >
b00000000000000000000000000000000 ?
b00 A
b00000000000000000000000000000000 C
b00000000000000000000000000000000 D
b00000 E
b00000 F
1G
b00000000000000000000000000000000 I
#17010
0"
b00101000110011101100010100000111100010001100111011000101000001111100110001001100101010110010001011101000001011000100011101010110110001110110001111001011001000000010111100011110010010000011010 #
b0110001 )
b1101011 *
b11011011001111111011011111010101 +
b00111111100101111100010100100111 ,
b00110001100111011000101000001111100111011000111100000000000000000000101100100000001011110001111001010000101010 -
b1000000 1
b11101100011110000000000000000000 2
b00111010101101100011101100011110 5
b01011001000000010111100011110010 6
b01011001000000010111100011110010 7
b0010 8
b01 9
b001 :
b00111010101101100011101100011110 >
b01011001000000010111100011110010 ?
b10001100111011000101000001111000 B
b11000100110010101011001000101110 C
b00111010101101100011101100011110 D
b01011 E
b00010 F
0G
b1000000 H
b11101100011110000000000000000000 I
#17015
1"
1G
#17020
0"
b11111111111101001000011100100010100011111111010010000111001000101100010010111100011100111100101110101111011001001101100101001110100101010011011111111011110001000010111110000010000000000001100 #
b1000110 )
b1101110 *
b11110000000111001111000010001101 +
b11111101010100011110110011101100 ,
b11111111111010010000111001000101100101010001001011000100101110011111101111000100001011111000001000011110100100 -
b1111001 1
b10101000100101100010010111001111 2
b11001010011101001010100110111111 5
b11011110001000010111110000010000 6
b11011110001000010111110000010000 7
b0000 8
b00 9
b111 :
1;
b11001010011101001010100110111111 >
b11011110001000010111110000010000 ?
b11111111010010000111001000101000 B
b01001011110001110011110010111010 C
b11001010011101001010100110111111 D
b11001 E
b00110 F
0G
b1111001 H
b10101000100101100010010111001111 I
#17025
1"
1G
#17030
0"
b10111111110111010101001101011100110011111101110101010011010111010000010011110111000111010011111101010101000011110001000101011111101110111010001100110000110000101100110001000011110111000110010 #
b1110101 )
b1011001 *
b10001100011100000011001000110101 +
b11111000100001000001010101001110 ,
b10111111101110101010011010111010000100001100001011001100010000111101000011000010110011000100001111001010011010 -
b0101010 1
b10000110000101100110001000011110 2
b00000000000000000000000000000000 5
b10000110000101100110001000011110 6
b10000110000101100110001000011110 7
b11 9
b101 :
b10001010111111011101110100011001 >
b10000110000101100110001000011110 ?
b10 @
b11111101110101010011010111001100 B
b01001111011100011101001111110101 C
b10001010111111011101110100011001 D
b00011 E
b11000 F
0G
b0101010 H
b10000110000101100110001000011110 I
#17035
1"
1G
#17040
0"
b10100000001111001000101010101100110000000011110010001010101011010000011011110010010100110001000011000101011101101110100100111010111001100110010101010110000110100010011101100110000101000010011 #
b1010111 )
b0010111 *
b10111110100011010000010100001111 +
b10100101111000011110100010101111 ,
b10100000011110010001010101011010000000000000000000000000000000000001011000011010001001110110011000001010001011 -
b0101000 1
b00000000000000000000000000000000 2
b10110000110100010011101100110000 6
b10110000110100010011101100110000 7
b0110 8
b10 9
0;
b01001001110101110011001100101010 >
b10110000110100010011101100110000 ?
b00000011110010001010101011001100 B
b01101111001001010011000100001100 C
b01001001110101110011001100101010 D
b11101 E
b10111 F
0G
b0101000 H
b00000000000000000000000000000000 I
#17045
1"
1G
#17050
0"
b01111101110000111000011110111101000011011100001110000111101111010100100101000001100010111101100001110001101000111010010010100001000101100000101111111000010100010010111001001111100100100010011 #
b0001011 )
b0110010 *
b10001101100010110100011010000110 +
b00101101110100001101011010110100 ,
b01111011100001110000111101111010100000000000000000000000000000000001100001010001001011100100111110000011001011 -
b0001100 1
b11011100001110000111101111010000 5
b11000010100010010111001001111100 6
b11000010100010010111001001111100 7
b0100 8
b011 :
1;
b00100101000010001011000001011111 >
b11000010100010010111001001111100 ?
b01 @
b11011100001110000111101111010000 B
b10010100000110001011110110000111 C
b00100101000010001011000001011111 D
b01000 E
b11101 F
0G
b0001100 H
#17055
1"
1G
#17060
0"
b01000001001111000111110111001101000000010011110001111101110011010100110011000110101110101000011000011011100011011010011101110010110010100010010101101110001000110100100111111100100000100010101 #
b1010010 )
b1011110 *
b00010110011100000100100101111100 +
b11100111111010110011010011010101 ,
b01000010011110001111101110011010100100001001110001000101100101101000111000100011010010011111110010010111001101 -
b1011101 1
b10000100111000100010110010110100 2
b00010011110001111101110011010000 5
b01110001000110100100111111100100 6
b01110001000110100100111111100100 7
b0000 8
b00 9
b010 :
0;
b00111011100101100101000100101011 >
b01110001000110100100111111100100 ?
b00010011110001111101110011010000 B
b11001100011010111010100001100001 C
b00111011100101100101000100101011 D
b00011 E
b01101 F
0G
b1011101 H
b10000100111000100010110010110100 I
#17065
1"
1G
#17070
0"
b00001001100100000101011110100011110010011001000001010111101001000000011011110000001111101001010110110001000001101111010111001010111000001100101011010100110001110111110111101001110010000101111 #
b0000110 )
b0100100 *
b01100111100011011001111101010011 +
b01011000101110110000100011000001 ,
b00010011001000001010111101001000000010101001001001011110101101001001010011000111011111011110100111000010110111 -
b0001011 1
b01010100100100101111010110100100 2
b10101110010101110000011001010110 5
b10100110001110111110111101001110 6
b10100110001110111110111101001110 7
b01 9
b000 :
b10101110010101110000011001010110 >
b10100110001110111110111101001110 ?
b00 @
b10011001000001010111101000111100 B
b01101111000000111110100101011011 C
b10101110010101110000011001010110 D
b00001 E
b10111 F
0G
b0001011 H
b01010100100100101111010110100100 I
#17075
1"
1G
#17080
0"
b10000100000111111100100000000100010001000001111111001000000001001000101110110010110010010101001000100100000001101101010011001100101101000011111101110001101101110000111110100010100000101110101 #
b0000011 )
b0010000 *
b11001100000001111001111000101111 +
b10011011111100100001110100000011 ,
b10001000001111111001000000001001000111111010010100100010101011001101000110110111000011111010001010001000011101 -
b0100011 1
b11111101001010010001010101100110 2
b01000001111111001000000001000100 5
b10111011001011001001010100100010 6
b10001101101110000111110100010100 7
b00 9
b100 :
b10100110011001011010000111111011 >
b10001101101110000111110100010100 ?
b01 @
b01 A
b01000001111111001000000001000100 B
b10111011001011001001010100100010 C
b10100110011001011010000111111011 D
b10110 F
0G
b0100011 H
b11111101001010010001010101100110 I
#17085
1"
1G
#17090
0"
b00011110100110010010000100101000000011101001100100100001001010000100001100011010000100010101011111101100001110000001111100001001011011110100011101101011011111011001001111111100010110100011110 #
b0110101 )
b0101101 *
b00011010111110111111010100000101 +
b10101011101100000111101110010100 ,
b00011101001100100100001001010000100010001010111111010110010011000100101101111101100100111111110001011000101110 -
b1100001 1
b01000101011111101011001001100010 2
b11101001100100100001001010000000 5
b01011011111011001001111111100010 6
b01011011111011001001111111100010 7
b11 9
b000 :
1;
b11111000010010110111101000111011 >
b01011011111011001001111111100010 ?
b00 A
b11101001100100100001001010000000 B
b00110001101000010001010101111110 C
b11111000010010110111101000111011 D
b01110 E
b00000 F
0G
b1100001 H
b01000101011111101011001001100010 I
#17095
1"
1G
#17100
0"
b00101110000011111010011001101001010011100000111110100110011010011000000101001001111011000000111111111110110101001000101111111100011100000000010000011111111001001100110100110011001000100011010 #
b0100110 )
b0010011 *
b11001101100101111100000001100101 +
b10001101001101100101011001100001 ,
b00111100000111110100110011010011000011011100011000010111100111101011000110100110110010101100110000111101101010 -
b1110100 1
b01101110001100001011110011110101 2
b10 4
b11100000111110100110011010010100 5
b10001101001101100101011001100001 6
b10001101001101100101011001100001 7
b00 9
b001 :
0;
b10 =
b01011111111000111000000000100000 >
b11111111001001100110100110011001 ?
b11100000111110100110011010010100 B
b00010100100111101100000011111111 C
b01011111111000111000000000100000 D
b10101 E
b00100 F
0G
b1110100 H
b01101110001100001011110011110101 I
#17105
1"
1G
#17110
0"
b00010110001011111001011100000110100001100010111110010111000001101100001010110111111101001101001001100100110111000011011101111001010111010110110100011001011010010011011011101100000011000010010 #
b1100110 )
b0000001 *
b11110001100110010001001110000001 +
b10111111111110111100110000111001 ,
b00001100010111110010111000001101100001101001011011001001000101000001100101101001001101101110110000001001001010 -
b0100100 1
b00110100101101100100100010100000 2
b00 4
b00000000000000000000000000000000 5
b11001011010010011011011101100000 6
b11001011010010011011011101100000 7
b0001 8
b01 9
b000 :
1;
b00 =
b10111011110010101110101101101000 >
b11001011010010011011011101100000 ?
b10 @
b01100010111110010111000001101000 B
b00101011011111110100110100100110 C
b10111011110010101110101101101000 D
b10111 E
b00001 F
0G
b0100100 H
b00110100101101100100100010100000 I
#17115
1"
1G
#17120
0"
b11110000000011001010001001111101000000000000110010100010011111010100011110100110001100011111100010010100000001010010101101101100011101011000111011000011011010011010100111010010101000100111101 #
b0001110 )
b0111101 *
b00001111000100011000101100110111 +
b11110010101100111000101001100101 ,
b11100000000110010100010011111010100000111000001011101110110011001010001101101001101010011101001010101000111101 -
b0100011 1
b00011100000101110111011001100101 2
b00000000110010100010011111010000 5
b00011011010011010100111010010101 6
b00011011010011010100111010010101 7
b0000 8
b00 9
b111 :
b01011011011000111010110001110110 >
b00011011010011010100111010010101 ?
b01 @
b00000000110010100010011111010000 B
b01111010011000110001111110001001 C
b01011011011000111010110001110110 D
b00001 E
b01001 F
0G
b0100011 H
b00011100000101110111011001100101 I
#17125
1"
1G
#17130
0"
b01001100111011101010111111111000000011001110111010101111111110000100100001110110000111101011000111101011001110000010111011110010011011011010111100111101001110111001011000001000110001000010000 #
b1111001 )
b0111011 *
b01011100000100010111010101011101 +
b00100111110010101101010100101001 ,
b01011001110111010101111111110000100111010011101110010110000010001101110100111011100101100000100011010110001000 -
b1011000 1
b11101001110111001011000001000110 2
b10 3
b00000000000000000000000000000000 5
b11101001110111001011000001000110 6
b11101001110111001011000001000110 7
b010 :
0;
b10 <
b01110111100100110110110101111001 >
b11101001110111001011000001000110 ?
b10 @
b11001110111010101111111110000000 B
b10000111011000011110101100011110 C
b00100111110010101101010100101001 D
b01110 E
b00001 F
0G
b1011000 H
b11101001110111001011000001000110 I
#17135
1"
1G
#17140
0"
b11010001100110100111100001011110110000011001101001111000010111110000101010011011000111111011100100001111001010010110000001001011101100101101001001010011001111010001011110001100100110100001001 #
b1110111 )
b0001101 *
b11001010110111000011111000100010 +
b11001000000110111000000000100000 ,
b11000011001101001111000010111110000101100111001000001000010010100001001100111101000101111000110010011110100001 -
b1111000 1
b10110011100100000100001001010000 2
b00 3
b00011001101001111000010111101100 5
b10011001111010001011110001100100 6
b10011001111010001011110001100100 7
b11 9
b110 :
1;
b00 <
b00000010010111011001011010010010 >
b10011001111010001011110001100100 ?
b01 @
b00011001101001111000010111101100 B
b10101001101100011111101110010000 C
b00000010010111011001011010010010 D
b01010 E
b01011 F
0G
b1111000 H
b10110011100100000100001001010000 I
#17145
1"
1G
#17150
0"
b00110001100101000111001111001010100000011001010001110011110010101100100111100010011000001010001111110100000111100111000000110001011100110000010100100100110010001010011010000001000101000111111 #
b1101100 )
b0011111 *
b11110101011010110100101110111111 +
b00011101011010100100101110101101 ,
b00100011001010001110011110010101100000000000000000000000000000000000010011001000101001101000000100001000111111 -
b0100011 1
b00000000000000000000000000000000 2
b10 3
b00000000000000000000000000000000 5
b00100110010001010011010000001000 6
b00100110010001010011010000001000 7
b0010 8
b10 9
b001 :
b10 <
b10000001100010111001100000101001 >
b00100110010001010011010000001000 ?
b10 @
b00011001010001110011110010101000 B
b10011110001001100000101000111111 C
b00011101011010100100101110101101 D
b00111 E
b10011 F
0G
b0100011 H
b00000000000000000000000000000000 I
#17155
1"
1G
#17160
0"
b01010001000001101001110001100111000000010000011010011100011001110100001101001110111011111100110000100110100000101110100100010001110101101100010101100111101001110100111100101110001011001010110 #
b1010011 )
b0001000 *
b10011110111001101110111000011100 +
b01101011000011100010111001101101 ,
b01000010000011010011100011001110100000000000000000000000000000000010011110100111010011110010111000101101001110 -
b0110101 1
b00000000000000000000000000000001 2
b00 3
b00110100111011101111110011000010 6
b00111101001110100111100101110001 7
b0011 8
b01 9
b010 :
b00 <
b01001000100011101011011000101011 >
b00111101001110100111100101110001 ?
b01 A
b00010000011010011100011001110000 B
b00110100111011101111110011000010 C
b01001000100011101011011000101011 D
b00000 E
b10111 F
0G
b0110101 H
b00000000000000000000000000000001 I
#17165
1"
1G
#17170
0"
b10111110011000000100101110001110010011100110000001001011100011101000100110011010010000000110111001001000110100010000011110010111011101111111010011000010110100011111011101101110101100100111011 #
b1111010 )
b1100111 *
b00101011000000100000110101111110 +
b00111000000111000011001101000011 ,
b10111100110000001001011100011101000111111111111111111111111001100000001011010001111101110110111010110001111011 -
b1000110 1
b11111111111111111111111100110000 2
b11100110000001001011100011100100 5
b00010110100011111011101101110101 6
b00010110100011111011101101110101 7
b0111 8
b10 9
b101 :
b00111100101110111011111110100110 >
b00010110100011111011101101110101 ?
b01 @
b00 A
b11100110000001001011100011100100 B
b10011001101001000000011011100100 C
b00111100101110111011111110100110 D
b10100 E
b01000 F
0G
b1000110 H
b11111111111111111111111100110000 I
#17175
1"
1G
#17180
0"
b01000101011100000011010000111101100001010111000000110100001111011100111011101111000110001011011010001101111111000110100100110001101101011110001010000011001001001010010111011110011111000111011 #
b0010110 )
b1110101 *
b01011010011001111001110011011110 +
b01111100001000111111110110000111 ,
b01001010111000000110100001111011100000110010010010100101110111100110001100100100101001011101111001111011111011 -
b1101110 1
b00011001001001010010111011110011 2
b00000000000000000000000000000000 5
b00011001001001010010111011110011 6
b00011001001001010010111011110011 7
b0000 8
b11 9
b010 :
0;
b01001001100011011010111100010100 >
b00011001001001010010111011110011 ?
b10 @
b01010111000000110100001111011000 B
b11101110111100011000101101101000 C
b01001001100011011010111100010100 D
b11111 E
b00011 F
0G
b1101110 H
b00011001001001010010111011110011 I
#17185
1"
1G
#17190
0"
b01101011000100110100100000110110000010110001001101001000001101100100100101000101100001010100010111000010100111000100101000100110110100110011110000101001110101010000101010110101101001001000010 #
b0001010 )
b1010001 *
b11011111100110000110000000101000 +
b00110001011110010111000001000001 ,
b01110110001001101001000001101100100100101000101100001010100010111000100111010101000010101011010110100101000010 -
b0010100 1
b10010100010110000101010001011100 2
b10010100010110000101010001011100 6
b01001110101010000101010110101101 7
b00 9
b011 :
b01010001001101101001100111100001 >
b01001110101010000101010110101101 ?
b01 A
b10110001001101001000001101100000 B
b10010100010110000101010001011100 C
b01010001001101101001100111100001 D
b00111 E
b00010 F
0G
b0010100 H
b10010100010110000101010001011100 I
#17195
1"
1G
#17200
0"
b10001101100101011111000100010110100011011001010111110001000101101100111100011101111011110001001101100011011010111111001111010011110111101001101111001101011011011001111101011001100011001110110 #
b1101101 )
b1100001 *
b00010001100001010101101000101100 +
b10100010000001100100011100111011 ,
b10011011001010111110001000101101100111100011101111011110001001101100110101101101100111110101100110000110011110 -
b0011011 1
b11110001110111101111000100110110 2
b11110001110111101111000100110110 6
b01101011011011001111101011001100 7
b0101 8
b01 9
b100 :
b10011110100111101111010011011110 >
b01101011011011001111101011001100 ?
b11011001010111110001000101101000 B
b11110001110111101111000100110110 C
b10011110100111101111010011011110 D
b11010 E
b11111 F
0G
b0011011 H
b11110001110111101111000100110110 I
#17205
1"
1G
#17210
0"
b01000011110100010101010001001011010000111101000101010100010010111000010100000110010110011111011010110010011011010010100000001110001001111110100000000011010110010010110011011101101011000101101 #
b1010011 )
b1000111 *
b01101101011011100000100100110001 +
b11100010100001010001010000110001 ,
b01000111101000101010100010010111000000000000000000000000000000000010001101011001001011001101110110100100110101 -
b0010011 1
b00000000000000000000000000000001 2
b00011010110010010110011011101101 6
b00011010110010010110011011101101 7
b0011 8
b010 :
b01000000011100010011111101000000 >
b00011010110010010110011011101101 ?
b00 A
b00111101000101010100010010110100 B
b01010000011001011001111101101011 C
b01000000011100010011111101000000 D
b11011 E
b01001 F
0G
b0010011 H
b00000000000000000000000000000001 I
#17215
1"
1G
#17220
0"
b01010001100111101000010010010111110000011001111010000100100110000000110101001101110000100101001101010110011101000001000001011000101000110110010011110100010010110100010001010010110101000100101 #
b1001001 )
b1100100 *
b01010101011011101111101000100111 +
b10010000100010001001111000100101 ,
b01000011001111010000100100110000000000000000000000000000000000000001010001001011010001000101001011001100010101 -
b0110011 1
b00000000000000000000000000000000 2
b10100010010110100010001010010110 6
b10100010010110100010001010010110 7
b10 9
1;
b10000010110001010001101100100111 >
b10100010010110100010001010010110 ?
b00011001111010000100100101111100 B
b11010100110111000010010100110101 C
b10000010110001010001101100100111 D
b11101 E
b00000 F
0G
b0110011 H
b00000000000000000000000000000000 I
#17225
1"
1G
#17230
0"
b10110001100100001011000110011010000000011001000010110001100110100100010011000000010110011110010100110100110110110101010100001101110111010001000100111101010100001101000110110001001001001001001 #
b1111011 )
b0111011 *
b11100011000001000100110011000111 +
b11001000010001000010110110101000 ,
b10100011001000010110001100110100100010011000000010110011110010100111110101010000110100011011000100101001100001 -
b0100100 1
b01001100000001011001111001010011 2
b01001100000001011001111001010011 6
b11101010100001101000110110001001 7
b0000 8
b00 9
b101 :
b10101000011011101110100010001001 >
b11101010100001101000110110001001 ?
b01 A
b00011001000010110001100110100000 B
b01001100000001011001111001010011 C
b10101000011011101110100010001001 D
b10110 E
b11010 F
0G
b0100100 H
b01001100000001011001111001010011 I
#17235
1"
1G
#17240
0"
b10111010001111010101011000001000100010100011110101010110000010001100011000100101110011000010100101111100101000000001110101010110011100101110001110010111000000100000000000000110111100100100101 #
b1011010 )
b0001011 *
b11110000001011111100011100100111 +
b11010011101011001001001110011011 ,
b10110100011110101010110000010001100111111111111111111111111010001111011100000010000000000000011011111001010101 -
b1100111 1
b11111111111111111111111101000111 2
b10100011110101010110000010001000 5
b10111000000100000000000000110111 6
b10111000000100000000000000110111 7
b0111 8
b10 9
b11101010101100111001011100011100 >
b10111000000100000000000000110111 ?
b01 @
b00 A
b10100011110101010110000010001000 B
b01100010010111001100001010010111 C
b11101010101100111001011100011100 D
b01000 E
b00000 F
0G
b1100111 H
b11111111111111111111111101000111 I
#17245
1"
1G
#17250
0"
b11101111011001011001101001010001100011110110010110011010010100011100011100101110000100101001100000011110110100110011111101000110111010100110100000101110110110010100011100100111011110101110101 #
b1000011 )
b0010110 *
b01101111011001110011010110101011 +
b10101001100111100111111110001010 ,
b11111110110010110011010010100011100011010010011101011001110100110010111011011001010001110010011101111101011101 -
b1110111 1
b01101001001110101100111010011001 2
b11110110010110011010010100011000 5
b01110010111000010010100110000001 6
b01110110110010100011100100111011 7
b0000 8
b11 9
b111 :
0;
b11111010001101110101001101000001 >
b01110110110010100011100100111011 ?
b01 A
b11110110010110011010010100011000 B
b01110010111000010010100110000001 C
b11111010001101110101001101000001 D
b10100 E
b11001 F
0G
b1110111 H
b01101001001110101100111010011001 I
#17255
1"
1G
#17260
0"
b01110101100011011011101010101010100001011000110110111010101010101100101111000010011111110101110101011011101101111010001100000101110010001011110110110010111110000001110011101000000100101001011 #
b1000111 )
b0101110 *
b00100101101001101010110100011001 +
b11100111110101010010011011110010 ,
b01101011000110110111010101010101100000000000000000000000000000000011001011111000000111001110100000010111100011 -
b1011100 1
b00000000000000000000000000000001 2
b01011000110110111010101010101000 5
b10111100001001111111010111010101 6
b10010111110000001110011101000000 7
b0100 8
b10 9
b011 :
1;
b00011000001011100100010111101101 >
b10010111110000001110011101000000 ?
b01011000110110111010101010101000 B
b10111100001001111111010111010101 C
b00011000001011100100010111101101 D
b01101 E
b11101 F
0G
b1011100 H
b00000000000000000000000000000001 I
#17265
1"
1G
#17270
0"
b11100010100000011001010001110010110000101000000110010100011100110000100011010000011010111000001110100111111000110011001010100000000011000010100011100001011001110101000110110000000111001011100 #
b0100100 )
b0011000 *
b00100101101101000110001011000001 +
b10110001101001011010011100011001 ,
b11100101000000110010100011100110000100011010000011010111000001110100000101100111010100011011000000001111101100 -
b0111101 1
b10001101000001101011100000111010 2
b00000000000000000000000000000000 5
b10001101000001101011100000111010 6
b00001011001110101000110110000000 7
b0000 8
b11 9
b111 :
0;
b10010101000000000110000101000111 >
b00001011001110101000110110000000 ?
b10 @
b00101000000110010100011100101100 B
b10001101000001101011100000111010 C
b10010101000000000110000101000111 D
b11000 E
b11001 F
0G
b0111101 H
b10001101000001101011100000111010 I
#17275
1"
1G
#17280
0"
b01000011001100100100110110001011000000110011001001001101100010110100001101110101101110010111100111010111110001001110100011010100101100110110110011111000000111101010100010111110100101000111111 #
b1001110 )
b1000101 *
b10100100110110100101101101011011 +
b01110011011011011100010101111110 ,
b01000110011001001001101100010110100000000000000000000000000000000001100000011110101010001011111010001111111111 -
b0111111 1
b00000000000000000000000000000000 2
b10 3
b11000000111101010100010111110100 6
b11000000111101010100010111110100 7
b0011 8
b10 9
b010 :
b10 <
b01000110101001011001101101100111 >
b11000000111101010100010111110100 ?
b00 A
b00110011001001001101100010110000 B
b00110111010110111001011110011101 C
b01110011011011011100010101111110 D
b10001 E
b00111 F
0G
b0111111 H
b00000000000000000000000000000000 I
#17285
1"
1G
#17290
0"
b11111100011111000111110111010011010011000111110001111101110100111000100111010110011100011011101001101011001100001011101111111011011101110111110011000100110011100101010011010111011011000001101 #
b0101011 )
b0110111 *
b01010011110100000111011000111101 +
b00010111011100101110011000101110 ,
b11111000111110001111101110100111000000000000000000000000000000000000010011001110010101001101011101110110100101 -
b1011001 1
b00 3
b00100110011100101010011010111011 6
b00100110011100101010011010111011 7
b1001 8
b01 9
b111 :
1;
b00 <
b11011111110110111011101111100110 >
b00100110011100101010011010111011 ?
b11000111110001111101110100110100 B
b10011101011001110001101110100110 C
b11011111110110111011101111100110 D
b01100 E
b00101 F
0G
b1011001 H
#17295
1"
1G
#17300
0"
b11000111000011111110111000001101010001110000111111101110000011011000001111110110000011010001001101001010010000100100001110110000010011100110000011001110111001001001010001001010100001000010110 #
b0101111 )
b1000000 *
b00011000011010111001111010000001 +
b01001110000100110001111010010011 ,
b11001110000111111101110000011011000011101110010010010100010010101000111011100100100101000100101010010100001110 -
b1010001 1
b01110111001001001010001001010100 2
b01110111001001001010001001010100 6
b01110111001001001010001001010100 7
b0000 8
b00 9
b110 :
0;
b00011101100000100111001100000110 >
b01110111001001001010001001010100 ?
b01110000111111101110000011010100 B
b00111111011000001101000100110100 C
b00011101100000100111001100000110 D
b10000 E
b10010 F
0G
b1010001 H
b01110111001001001010001001010100 I
#17305
1"
1G
#17310
0"
b01010111110101111101011110110111000001111101011111010111101101110100001110100100100011011000111101000111011100010011001111100001101001110101111011110010101011110110111110010101000001001101000 #
b0110011 )
b1010010 *
b10101011000110011101011001110101 +
b00000010011110101001110010111110 ,
b01001111101011111010111101101110100001110100100100011011000111101001001010101111011011111001010100001110110000 -
b0111010 1
b00111010010010001101100011110100 2
b00111010010010001101100011110100 6
b10010101011110110111110010101000 7
b010 :
1;
b10011111000011010011101011110111 >
b10010101011110110111110010101000 ?
b01 A
b01111101011111010111101101110000 B
b00111010010010001101100011110100 C
b10011111000011010011101011110111 D
b11100 E
b01001 F
0G
b0111010 H
b00111010010010001101100011110100 I
#17315
1"
1G
#17320
0"
b01100100001100010010001000111000100001000011000100100010001110001100000010000111110011000001110000111100100100100010011111010110110110010000001111011001011110100011100100101000001011000111101 #
b0010001 )
b1100011 *
b01001010110000000101000010101111 +
b11010010000110100101011111110100 ,
b01101000011000100100010001110001100000000000000000000000000000000011100101111010001110010010100000111001111101 -
b1100111 1
b00000000000000000000000000000001 2
b01 3
b11001011110100011100100101000001 6
b11001011110100011100100101000001 7
b0100 8
b01 9
b011 :
0;
b01 <
b00111110101101101100100000011110 >
b11001011110100011100100101000001 ?
b00 A
b01000011000100100010001110001000 B
b00001000011111001100000111000011 C
b01001010110000000101000010101111 D
b00100 E
b10001 F
0G
b1100111 H
b00000000000000000000000000000001 I
#17325
1"
1G
#17330
0"
b01111000011101001110100001001110010010000111010011101000010011101000000001101110111111000111001110011111011110000110101011111001100110001100100100111000000110110100110111000110100111001110110 #
b1111100 )
b0001010 *
b10111000111001110100001001010011 +
b01010111111010100010110011101110 ,
b01110000111010011101000010011101000000001101110111111000111001110011100000011011010011011100011010011110011110 -
b1111011 1
b00000110111011111100011100111001 2
b00 3
b00000110111011111100011100111001 6
b11000000110110100110111000110100 7
b0000 8
b11 9
1;
b00 <
b01010111110011001100011001001001 >
b11000000110110100110111000110100 ?
b01 A
b10000111010011101000010011100100 B
b00000110111011111100011100111001 C
b01010111110011001100011001001001 D
b11110 E
b00011 F
0G
b1111011 H
b00000110111011111100011100111001 I
#17335
1"
1G
#17340
0"
b00000011101011010110111100101011000000111010110101101111001010110100011110100010011101011010001010001010000011011100000010110010000011001100111111011001010001111110111001001111001010100001100 #
b0111111 )
b0111011 *
b10001111010110111110100001101110 +
b11000010101100100011010101011101 ,
b00000111010110101101111001010110100111111011000100100101000000011011100001010110010001101010101110110100100100 -
b1010001 1
b11111101100010010010100000001101 2
b10 4
b00111010110101101111001010110000 5
b11000010101100100011010101011101 6
b11000010101100100011010101011101 7
b01 9
b000 :
0;
b10 =
b00000101100100000110011001111110 >
b11001010001111110111001001111001 ?
b01 @
b00 A
b00111010110101101111001010110000 B
b01111010001001110101101000101000 C
b00000101100100000110011001111110 D
b00011 E
b01110 F
0G
b1010001 H
b11111101100010010010100000001101 I
#17345
1"
1G
#17350
0"
b00110111100110010100011010000011010001111001100101000110100000111000001011100011010111000100011100010100110001111010001001101111010011011010101011010010111111010100000010000010000111000100100 #
b0111110 )
b0010010 *
b01010010110111100001001110000110 +
b11111011001001100101100110011001 ,
b00101111001100101000110100000111000100101111110101000000100000100001001011111101010000001000001000001001010100 -
b0100111 1
b10010111111010100000010000010000 2
b00 4
b00000000000000000000000000000000 5
b10010111111010100000010000010000 6
b10010111111010100000010000010000 7
b11 9
b001 :
1;
b00 =
b00010011011110100110110101010110 >
b10010111111010100000010000010000 ?
b10 @
b01111001100101000110100000110100 B
b00101110001101011100010001110001 C
b00010011011110100110110101010110 D
b10001 E
b11101 F
0G
b0100111 H
b10010111111010100000010000010000 I
#17355
1"
1G
#17360
0"
b00111101001101010000000101111010110011010011010100000001011110110000011010110000001001011110110100100100001101001100110000100000011100011100001011001110001110110001001010110011111000001101001 #
b0111010 )
b1101001 *
b01011000101111001011101100110011 +
b10110001110110101011011110100010 ,
b00111010011010100000001011110110000110011000000010111101100111010000111000111011000100101011001111101000110001 -
b0100010 1
b11001100000001011110110011101000 2
b01100001000000111000111000010110 5
b01101011000000100101111011010010 6
b01110001110110001001010110011111 7
b00 9
b01100001000000111000111000010110 >
b01110001110110001001010110011111 ?
b00 @
b01 A
b11010011010100000001011110101100 B
b01101011000000100101111011010010 C
b01100001000000111000111000010110 D
b01101 E
b00110 F
0G
b0100010 H
b11001100000001011110110011101000 I
#17365
1"
1G
#17370
0"
b10100110101000101110001111111111100001101010001011100011111111111100101101111010100111110110011110100111010110010111101011111100001010111010110111001100001101110100100100101100010110001100110 #
b0110110 )
b1111000 *
b11011001110001110101100011011010 +
b00001100001100010100001110000010 ,
b10101101010001011100011111111111100100011111000101101010011111010000110000110111010010010010110001001110010110 -
b0111011 1
b10001111100010110101001111101000 2
b11010111111000010101110101101110 5
b10110111101010011111011001111010 6
b01100001101110100100100101100010 7
b11 9
b101 :
0;
b11010111111000010101110101101110 >
b01100001101110100100100101100010 ?
b01101010001011100011111111111000 B
b10110111101010011111011001111010 C
b11010111111000010101110101101110 D
b10110 E
b01011 F
0G
b0111011 H
b10001111100010110101001111101000 I
#17375
1"
1G
#17380
0"
b00011111100010000010001110101000100011111000100000100011101010001100000011000000111001000011001000111101111010000000011011011000011111000000100101101111101011110011000000000011100000001001100 #
b0101001 )
b0000100 *
b11110100111010111010101011111001 +
b00010011100111101010000101001001 ,
b00011111000100000100011101010001100010000101101001000100011011011100111110101111001100000000001110011011100100 -
b1101101 1
b01000010110100100010001101101110 2
b00110110110000111110000001001011 5
b00001100000011100100001100100011 6
b01111101011110011000000000011100 7
b00 9
b000 :
1;
b00110110110000111110000001001011 >
b01111101011110011000000000011100 ?
b11111000100000100011101010001000 B
b00001100000011100100001100100011 C
b00110110110000111110000001001011 D
b11010 E
b00000 F
0G
b1101101 H
b01000010110100100010001101101110 I
#17385
1"
1G
#17390
0"
b10110110001010001010110110110000110001100010100010101101101100010000110110101101110100101010100001000111000001000010011000011111001101011001000011010000001010100101110100110111101001000001111 #
b0000101 )
b1011011 *
b11011110001000001000010101110000 +
b01100111110011010100011000101100 ,
b10101100010100010101101101100010000110111100010000010000101011100001101111000100000100001010111000001110100111 -
b0111001 1
b11011110001000001000010101110000 2
b01 3
b01 4
b00000000000000000000000000000000 5
b11011110001000001000010101110000 6
b11011110001000001000010101110000 7
b101 :
b01 <
b01 =
b00110000111110011010110010000110 >
b10000001010100101110100110111101 ?
b10 @
b00 A
b01100010100010101101101100001100 B
b11011010110111010010101010000100 C
b11011110001000001000010101110000 D
b00001 E
b00001 F
0G
b0111001 H
b11011110001000001000010101110000 I
#17395
1"
1G
#17400
0"
b10101100010010110010001000111001010011000100101100100010001110011000001100011111100111101111101110011011011011010011111000001110010010000011010001000011101101001011001111101101001011001101111 #
b1011001 )
b0111101 *
b00100000101101100101100110100001 +
b01010101101101001000011101000011 ,
b10111000100101100100010001110011000000000000000000000000000000000000001110110100101100111110110100110110110111 -
b1011011 1
b00000000000000000000000000000000 2
b00 3
b00 4
b00110001111110011110111110111001 6
b00011101101001011001111101101001 7
b0110 8
b01 9
0;
b00 <
b00 =
b11110000011100100100000110100010 >
b00011101101001011001111101101001 ?
b01 A
b11000100101100100010001110010100 B
b00110001111110011110111110111001 C
b11110000011100100100000110100010 D
b11011 E
b01001 F
0G
b1011011 H
b00000000000000000000000000000000 I
#17405
1"
1G
#17410
0"
b01001101000110000011100011000000010011010001100000111000110000001000001010001001010000101100011110010000001110001011100001101100100000011100011111110010110110010011111110110110110111001100000 #
b0101010 )
b0111001 *
b10111010010101000001111010000100 +
b11110110110011100111100101010100 ,
b01011010001100000111000110000001000001010001001010000101100011110011001011011001001111111011011011000000010000 -
b0000010 1
b00101000100101000010110001111001 2
b10 3
b00101000100101000010110001111001 6
b10010110110010011111110110110110 7
b0000 8
b11 9
b010 :
b10 <
b11000011011001000000111000111111 >
b10010110110010011111110110110110 ?
b11010001100000111000110000000100 B
b00101000100101000010110001111001 C
b11110110110011100111100101010100 D
b01110 E
b00101 F
0G
b0000010 H
b00101000100101000010110001111001 I
#17415
1"
1G
#17420
0"
b10011001101011110010001001001111110010011010111100100010010100000000110000010000010110111100110110110001100111000111110000101100100000000100001101011010101110011011110000011011001110101011100 #
b0010001 )
b1000011 *
b10110110011011101100001010001000 +
b11110111111110001100011000010101 ,
b10010011010111100100010010100000000010110111111011111100001110101111101010111001101111000001101100100011101100 -
b0001101 1
b01011011111101111110000111010111 2
b00 3
b10011010111100100010010011111100 5
b11000001000001011011110011011011 6
b11010101110011011110000011011001 7
b100 :
1;
b00 <
b11100001011001000000001000011010 >
b11010101110011011110000011011001 ?
b01 @
b10011010111100100010010011111100 B
b11000001000001011011110011011011 C
b11100001011001000000001000011010 D
b00111 E
b00011 F
0G
b0001101 H
b01011011111101111110000111010111 I
#17425
1"
1G
#17430
0"
b01101101111101100010001010000101010011011111011000100010100001011000000111001100110110000000011000100000110100011111010010100001110110000010100111011100000010011000001101110011110010101011010 #
b1100110 )
b0111111 *
b00011011000000000110010000000000 +
b10001100001111000110010000010101 ,
b01111011111011000100010100001011000000000000000000000000000000000001000110000111100011001000001010100001101010 -
b0000100 1
b00000000000000000000000000000000 2
b10 4
b11011111011000100010100001010100 5
b00011100110011011000000001100010 6
b10001100001111000110010000010101 7
b0100 8
b01 9
b011 :
0;
b10 =
b10100101000011101100000101001110 >
b11100000010011000001101110011110 ?
b11011111011000100010100001010100 B
b00011100110011011000000001100010 C
b10100101000011101100000101001110 D
b10100 E
b01111 F
0G
b0000100 H
b00000000000000000000000000000000 I
#17435
1"
1G
#17440
0"
b01001111011100001101001010010101100011110111000011010010100101011100101000110111100010110001111010000000100110000110011010001111001110101011111001100000111111001111100010100110101111000000011 #
b1011100 )
b0101111 *
b10101001010110100000001001101000 +
b10111011111001111000111011110010 ,
b01011110111000011010010100101011100000001111110011111000101001101010000011111100111110001010011010100001000011 -
b00000111111001111100010100110101 2
b00 4
b00000000000000000000000000000000 5
b00000111111001111100010100110101 6
b00000111111001111100010100110101 7
b0000 8
b11 9
b010 :
b00 =
b00110100011110011101010111110011 >
b00000111111001111100010100110101 ?
b10 @
b00 A
b11110111000011010010100101011000 B
b10100011011110001011000111101000 C
b00110100011110011101010111110011 D
b00110 E
b00011 F
0G
b00000111111001111100010100110101 I
#17445
1"
1G
#17450
0"
b11111010111111111111001101010001000010101111111111110011010100010100011101011101101110100000000000001111100000000010010000001001001100110110100110100001000110100011110101110011000000001001100 #
b0101000 )
b1100100 *
b11010001000100000100011100001000 +
b01110111001110110010011100100001 ,
b11110101111111111110011010100010100100101100010010100111011010011010000100011010001111010111001100011111100100 -
b1111101 1
b10010110001001010011101101001101 2
b00100000010010011001101101001101 5
b01110101110110111010000000000000 6
b00001000110100011110101110011000 7
b00 9
b111 :
1;
b00100000010010011001101101001101 >
b00001000110100011110101110011000 ?
b00 @
b01 A
b10101111111111110011010100010000 B
b01110101110110111010000000000000 C
b00100000010010011001101101001101 D
b00000 E
b00001 F
0G
b1111101 H
b10010110001001010011101101001101 I
#17455
1"
1G
#17460
0"
b10100001001011101111110010110111010000010010111011111100101101111000000111111000111100110110111001110000000011111100110101100000000111011000110111010001100111111111010111111110000000000010110 #
b0001101 )
b1110000 *
b11010110010010010101110110011100 +
b01001000001010101111100110011011 ,
b10100010010111011111100101101111000011000110100100100001101100011001000110011111111101011111111000000000001110 -
b0000001 1
b01100011010010010000110110001100 2
b01 3
b11010110010010010101110110011100 5
b10001100111111111010111111110000 6
b10001100111111111010111111110000 7
b101 :
0;
b01 <
b01101011000000001110110001101110 >
b10001100111111111010111111110000 ?
b00 A
b00010010111011111100101101110100 B
b00011111100011110011011011100111 C
b11010110010010010101110110011100 D
b00011 E
b11110 F
0G
b0000001 H
b01100011010010010000110110001100 I
#17465
1"
1G
#17470
0"
b01100011100100010100100100100001010000111001000101001001001000011000111001001000100000000010001011010001110001011101100001001010100111001111100111001110101000000010010001111100101100100110001 #
b1000101 )
b0110001 *
b10011011110010110000000101111010 +
b00110110001110010100100011001000 ,
b01100111001000101001001001000011000000000000000000000000000000000010111010100000001001000111110010100011011001 -
b0001110 1
b00000000000000000000000000000001 2
b00111001000101001001001000010100 5
b01110101000000010010001111100101 6
b01110101000000010010001111100101 7
b0100 8
b10 9
b011 :
b11000010010101001110011111001110 >
b01110101000000010010001111100101 ?
b01 @
b00111001000101001001001000010100 B
b11100100100010000000001000101101 C
b10011011110010110000000101111010 D
b10001 E
b01110 F
0G
b0001110 H
b00000000000000000000000000000001 I
#17475
1"
1G
#17480
0"
b11000100101101101000111011100100100001001011011010001110111001001100001111111110001100100001111011111001110010010001010111011001001110010010010100111110111001101101001101011000111010100001010 #
b1110110 )
b0110111 *
b01100001010000001011000010000101 +
b00101111110001000110011000000001 ,
b11001001011011010001110111001001100111111110111111011111110110011111111011100110110100110101100011110011100010 -
b1001100 1
b11111111011111101111111011001111 2
b00 3
b01001011011010001110111001001000 5
b11110111001101101001101011000111 6
b11110111001101101001101011000111 7
b1000 8
b01 9
b110 :
b00 <
b10101110110010011100100100101001 >
b11110111001101101001101011000111 ?
b01001011011010001110111001001000 B
b00111111111000110010000111101111 C
b10101110110010011100100100101001 D
b10010 E
b01000 F
0G
b1001100 H
b11111111011111101111111011001111 I
#17485
1"
1G
#17490
0"
b11000011010000000000100010011111100000110100000000001000100111111100000011111010110101001001001011010001001110010011100101010001000111100100100010000110101010100010010100011101000010001010110 #
b0001111 )
b0111001 *
b01110101111100111001100001010110 +
b00011100101011110011111100111111 ,
b11000110100000000001000100111111100000111111010111101111111001111110011010101010001001010001110100000010001110 -
b0001001 1
b00011111101011110111111100111111 2
b10 3
b00011100101011110011111100111111 5
b00001111101011010100100100101101 6
b00110101010100010010100011101000 7
b10 <
b11001010100010001111001001000100 >
b00110101010100010010100011101000 ?
b00 @
b01 A
b00110100000000001000100111111000 B
b00001111101011010100100100101101 C
b00011100101011110011111100111111 D
b01110 E
b01001 F
0G
b0001001 H
b00011111101011110111111100111111 I
#17495
1"
1G
#17500
0"
b10110000000011011010110111101001000000000000110110101101111010010100110100100110101011011110100110011100000111010100011001001000010010101000001010111101100000110001001100111100001010100010011 #
b0011010 )
b0100011 *
b10011011100010011010100011101101 +
b11110100100011010111010010000010 ,
b10100000000110110101101111010010100000000000110110101101111010010001110110000011000100110011110000111000001011 -
b1100000 1
b00000000011011010110111101001000 2
b00 3
b00000000110110101101111010010000 5
b11101100000110001001100111100001 6
b11101100000110001001100111100001 7
b0111 8
b101 :
1;
b00 <
b00110010010000100101010000010101 >
b11101100000110001001100111100001 ?
b01 @
b00 A
b00000000110110101101111010010000 B
b11010010011010101101111010011001 C
b00110010010000100101010000010101 D
b00111 E
b01010 F
0G
b1100000 H
b00000000011011010110111101001000 I
#17505
1"
1G
#17510
0"
b00101110111001011100011111011001110011101110010111000111110110100000100010001101000010000100010001101010010111001111110010000011110001110110101100100111100000110101000110011011001100100011010 #
b1100000 )
b0001010 *
b00110101000101100000111011101110 +
b01100110000101101100101101000011 ,
b00111101110010111000111110110100000001110000000000000000000000000000011110000011010100011001101100110100101010 -
b1010000 1
b00111000000000000000000000000000 2
b11101110010111000111110110011100 5
b00111100000110101000110011011001 6
b00111100000110101000110011011001 7
b0010 8
b10 9
b001 :
0;
b11100100000111100011101101011001 >
b00111100000110101000110011011001 ?
b11101110010111000111110110011100 B
b10001000110100001000010001000110 C
b11100100000111100011101101011001 D
b10111 E
b00111 F
0G
b1010000 H
b00111000000000000000000000000000 I
#17515
1"
1G
#17520
0"
b10110100001100011111010100011011000001000011000111110101000110110100110000101001011011111100010100010010111101010111110000110111100011111010101101011010011001110101010001001100001111000000111 #
b0111110 )
b0110011 *
b11101011000000101000101001001100 +
b01110111010000010011010001001010 ,
b10101000011000111110101000110110100110100110011101010100010011000011101001100111010101000100110000100101000111 -
b0010101 1
b11010011001110101010001001100001 2
b00000000000000000000000000000000 5
b11010011001110101010001001100001 6
b11010011001110101010001001100001 7
b0000 8
b11 9
b101 :
1;
b11100001101111000111110101011010 >
b11010011001110101010001001100001 ?
b10 @
b01000011000111110101000110110000 B
b11000010100101101111110001010001 C
b11100001101111000111110101011010 D
b11101 E
b01011 F
0G
b0010101 H
b11010011001110101010001001100001 I
#17525
1"
1G
#17530
0"
b00001000110011010100100011000110000010001100110101001000110001100100110110000000010001000110111111110111101010001101101110000111111100010101110100111011011010000011001101001100110000000111010 #
b0010100 )
b0110001 *
b11010001100001101100001100011110 +
b10010001101000111110001001100011 ,
b00010001100110101001000110001100100101101111000000100100101010011111101101101000001100110100110011001111111010 -
b0111110 1
b10110111100000010010010101001111 2
b11011100001111111000101011101001 5
b11011011010000011001101001100110 6
b11011011010000011001101001100110 7
b00 9
b000 :
0;
b11011100001111111000101011101001 >
b11011011010000011001101001100110 ?
b00 @
b10001100110101001000110001100000 B
b11011000000001000100011011111111 C
b11011100001111111000101011101001 D
b01010 E
b00110 F
0G
b0111110 H
b10110111100000010010010101001111 I
#17535
1"
1G
#17540
0"
b00110101011110101110100000001100010001010111101011101000000011001000110110101110101011100101000111110110000101010011100000000101111001011110111100010000001011010001011110110011100111001000111 #
b1011111 )
b0010101 *
b11110110011010110000001001001101 +
b00000001110011000010101001110100 ,
b00101010111101011101000000011001000110110101110101011100101000111111000000101101000101111011001110001100000111 -
b0110001 1
b11011010111010101110010100011111 2
b10 3
b00000000000000000000000000000000 5
b11011010111010101110010100011111 6
b10000001011010001011110110011100 7
b11 9
b001 :
1;
b10 <
b11000000001011110010111101111000 >
b10000001011010001011110110011100 ?
b10 @
b01 A
b01010111101011101000000011000100 B
b11011010111010101110010100011111 C
b00000001110011000010101001110100 D
b00101 E
b01001 F
0G
b0110001 H
b11011010111010101110010100011111 I
#17545
1"
1G
#17550
0"
b11010011000111000111100110110011000000110001110001111001101100110100100100101111000011110110110001001110111101111010001111001110001011111001010111111011001100111101101000010011100110001111010 #
b0010010 )
b0101011 *
b00001010000100011001111100000111 +
b11000101000010010010011011011100 ,
b11000110001110001111001101100110100101100010110001001110011011100111101100110011110110100001001110011101111010 -
b1110110 1
b10110001011000100111001101110011 2
b00 3
b00011110011100010111110010101111 5
b10010010111100001111011011000100 6
b11011001100111101101000010011100 7
b110 :
b00 <
b00011110011100010111110010101111 >
b11011001100111101101000010011100 ?
b00 @
b00110001110001111001101100110000 B
b10010010111100001111011011000100 C
b00011110011100010111110010101111 D
b11101 E
b11101 F
0G
b1110110 H
b10110001011000100111001101110011 I
#17555
1"
1G
#17560
0"
b10111110011101010011101011101100000011100111010100111010111011000100100001010111101100000011110000011111100001001101111100000010011001101000010110001100110000001010001011101011100101001100111 #
b0010111 )
b0100100 *
b11100111010000000111110011100100 +
b11001101010000010110010111011011 ,
b10111100111010100111010111011000100000000000000000000000000000000000110011000000101000101110101110011111010111 -
b1111111 1
b00000000000000000000000000000000 2
b00000000000000000000000000000000 5
b10000101011110110000001111000001 6
b01100110000001010001011101011100 7
b0111 8
b10 9
b101 :
b11111000000100110011010000101100 >
b01100110000001010001011101011100 ?
b10 @
b11100111010100111010111011000000 B
b10000101011110110000001111000001 C
b11111000000100110011010000101100 D
b00001 E
b00110 F
0G
b1111111 H
b00000000000000000000000000000000 I
#17565
1"
1G
#17570
0"
b11011011100111101111111001111000100010111001111011111110011110001100101101001010101010000111011101110100011000011010111101100111110101100110010011101100001011100001010100001111100011000100101 #
b0100000 )
b0110100 *
b10101110111011010010100100010101 +
b00001111111100010111111110010111 ,
b11010111001111011111110011110001100011000010111000010101000011111000110000101110000101010000111110001000010101 -
b0100011 1
b01100001011100001010100001111100 2
b01100001011100001010100001111100 6
b01100001011100001010100001111100 7
b1000 8
b01 9
b110 :
b01111011001111101011001100100111 >
b01100001011100001010100001111100 ?
b00 A
b10111001111011111110011110001000 B
b10110100101010101000011101110111 C
b01111011001111101011001100100111 D
b11000 E
b01101 F
0G
b0100011 H
b01100001011100001010100001111100 I
#17575
1"
1G
#17580
0"
b01011101011001011111000000111001010011010110010111110000001110011000111010001010101111011011111000101101100010010100100100111010100111011110110000010001110000000010101011110110110010101100001 #
b1101010 )
b1111110 *
b11110111101011000011011101000111 +
b01011111110111001011100100111110 ,
b01011010110010111110000001110011000000000000000000000000000000000011000111000000001010101111011011011011010001 -
b1101110 1
b00000000000000000000000000000001 2
b11010110010111110000001110010100 5
b11101000101010111101101111100010 6
b10001110000000010101011110110110 7
b0011 8
b010 :
b01001001110101001110111101100000 >
b10001110000000010101011110110110 ?
b01 @
b01 A
b11010110010111110000001110010100 B
b11101000101010111101101111100010 C
b01001001110101001110111101100000 D
b00010 E
b01010 F
0G
b1101110 H
b00000000000000000000000000000001 I
#17585
1"
1G
#17590
0"
b11111011111111110010001101110011000010111111111100100011011100110100001000001111100001010111111100000101001100110101011101000011001011111000111010011011110010110100010000001111110111001101010 #
b1001101 )
b1011000 *
b01000101001111001011000100110110 +
b10011111110100000101100000010110 ,
b11110111111111100100011011100110100001000001111100001010111111100001101111001011010001000000111111001010110010 -
b0101010 1
b00100000111110000101011111110000 2
b00000000000000000000000000000000 5
b00100000111110000101011111110000 6
b11011110010110100010000001111110 7
b0000 8
b11 9
b111 :
b10111010000110010111110001110100 >
b11011110010110100010000001111110 ?
b10 @
b10111111111100100011011100110000 B
b00100000111110000101011111110000 C
b10111010000110010111110001110100 D
b01100 E
b11010 F
0G
b0101010 H
b00100000111110000101011111110000 I
#17595
1"
1G
#17600
0"
b01100101001101001111011110001110010001010011010011110111100011101000010000111001101010100011010000011010100011100111101001001010101001011001100111001011100011011101111011101101110010101000010 #
b1011111 )
b0011000 *
b01001011011001111110100110011010 +
b11010100110110000101101001101100 ,
b01101010011010011110111100011101000000000000000000000000000000000000101110001101110111101110110111010101000010 -
b1010100 1
b00000000000000000000000000000000 2
b01010011010011110111100011100100 5
b01000011100110101010001101000001 6
b01011100011011101111011101101110 7
b0100 8
b01 9
b011 :
0;
b11010010010101010010110011001110 >
b01011100011011101111011101101110 ?
b01 @
b01010011010011110111100011100100 B
b01000011100110101010001101000001 C
b11010010010101010010110011001110 D
b00011 E
b10011 F
0G
b1010100 H
b00000000000000000000000000000000 I
#17605
1"
1G
#17610
0"
b01101001001110100111101001000010000010010011101001111010010000100100110000001101100110011011000011100100010111010111111100111100110101110001101100010001111000101101101100001000111111000000110 #
b1100111 )
b1001111 *
b11111101011010100001100110000000 +
b11101011100110111111011110011110 ,
b01110010011101001111010010000100100100011110001011011011000010001111000111100010110110110000100011101000000110 -
b0100001 1
b10001111000101101101100001000111 2
b00000000000000000000000000000000 5
b10001111000101101101100001000111 6
b10001111000101101101100001000111 7
b0000 8
b11 9
b11111001111001101011100011011000 >
b10001111000101101101100001000111 ?
b10 @
b00 A
b10010011101001111010010000100000 B
b11000000110110011001101100001110 C
b11111001111001101011100011011000 D
b10111 E
b01011 F
0G
b0100001 H
b10001111000101101101100001000111 I
#17615
1"
1G
#17620
0"
b00111101001101111010110000111011010011010011011110101100001110111000100110000011001111000101011000011101001111100011000101010011001010001111101011011100100110110101010000010111010001000100010 #
b1001001 )
b1011111 *
b00000110001001101110110100000000 +
b00100000101011001011101011000101 ,
b00111010011011110101100001110111000111001001101101010100000101110101110010011011010101000001011101011010010010 -
b1101010 1
b11100100110110101010000010111010 2
b11100100110110101010000010111010 6
b11100100110110101010000010111010 7
b00 9
b001 :
1;
b10001010100110010100011111010110 >
b11100100110110101010000010111010 ?
b11010011011110101100001110110100 B
b10011000001100111100010101100001 C
b10001010100110010100011111010110 D
b01111 E
b10001 F
0G
b1101010 H
b11100100110110101010000010111010 I
#17625
1"
1G
#17630
0"
b10010011000000100100001100100011110000110000001001000011001001000000000101110111001100010010010000011111001010101111100010110011101000111010010010101000101100110010110000110111110111000101100 #
b1000010 )
b1011001 *
b01111111110100111011110111001101 +
b10010101011100001001101101111011 ,
b10000110000001001000011001001000000010001011001100101100001101111100100010110011001011000011011111011110110100 -
b1111011 1
b01000101100110010110000110111110 2
b01000101100110010110000110111110 6
b01000101100110010110000110111110 7
b11 9
b100 :
b11000101100111010001110100100101 >
b01000101100110010110000110111110 ?
b00110000001001000011001000111100 B
b00010111011100110001001001000001 C
b11000101100111010001110100100101 D
b01010 E
b10111 F
0G
b1111011 H
b01000101100110010110000110111110 I
#17635
1"
1G
#17640
0"
b10110011101110011110010100010101110000111011100111100101000101100000001111110110011010101101001010001000010000001100111000111011001110101111101001000101001010101111110111101011000010001110100 #
b0000100 )
b1110111 *
b00010010110111110001000100111111 +
b11100000001000111010001111000110 ,
b10100111011100111100101000101100000000000000111000111011001110101110010100101010111111011110101100010000011100 -
b1000011 1
b00000000011100011101100111010111 2
b01110001110110011101011111010010 5
b00111111011001101010110100101000 6
b00101001010101111110111101011000 7
b0111 8
b01 9
b101 :
b01110001110110011101011111010010 >
b00101001010101111110111101011000 ?
b00 @
b01 A
b00111011100111100101000101011100 B
b00111111011001101010110100101000 C
b01110001110110011101011111010010 D
b10000 E
b00110 F
0G
b1000011 H
b00000000011100011101100111010111 I
#17645
1"
1G
#17650
0"
b11110101110110010111110011110010000001011101100101111100111100100100010000100100101010101101100011101011100011111010110011010100011001110001111101100100111011100010101100101011011111000111100 #
b0000000 )
b0001111 *
b00000100100100011100100101100011 +
b10011101101111010110111000100101 ,
b11101011101100101111100111100100100001001110111000101011001010110110010011101110001010110010101101110111111100 -
b1011111 1
b00100111011100010101100101011011 2
b10 3
b00000000000000000000000000000000 5
b00100111011100010101100101011011 6
b00100111011100010101100101011011 7
b0000 8
b11 9
b111 :
b10 <
b01100110101000110011100011111011 >
b00100111011100010101100101011011 ?
b10 @
b00 A
b01011101100101111100111100100000 B
b01000010010010101010110110001110 C
b10011101101111010110111000100101 D
b00011 E
b11101 F
0G
b1011111 H
b00100111011100010101100101011011 I
#17655
1"
1G
#17660
0"
b01111111001111111110111100101000100011110011111111101111001010001100101111010101011011110010101000100001111111011110001000010001101001100111111100111101010111011000110000000111111000001110110 #
b0111010 )
b1101101 *
b00110110111011001101101001101001 +
b10110111111111011100001101111000 ,
b01111110011111111101111001010001100110011011110010000100110100110111110101011101100011000000011111100011011110 -
b0001111 1
b11001101111001000010011010011011 2
b00 3
b00010000100011010011001111111001 5
b10111101010101101111001010100010 6
b11101010111011000110000000111111 7
b00 9
b011 :
b00 <
b00010000100011010011001111111001 >
b11101010111011000110000000111111 ?
b00 @
b01 A
b11110011111111101111001010001000 B
b10111101010101101111001010100010 C
b00010000100011010011001111111001 D
b11111 E
b01111 F
0G
b0001111 H
b11001101111001000010011010011011 I
#17665
1"
1G
#17670
0"
b00101011011100101010110000111010000010110111001010101100001110100100101001100000011100101111000011010011001011100011111010010111100010101100111010111001011010010100111101001000111001000001001 #
b1111100 )
b0101111 *
b00011111001101100100010011001101 +
b11110100001010000010011010000001 ,
b00110110111001010101100001110100100110010110100101001111010010001111100101101001010011110100100011100110100001 -
b0011000 1
b11001011010010100111101001000111 2
b10 3
b00000000000000000000000000000000 5
b11001011010010100111101001000111 6
b11001011010010100111101001000111 7
b001 :
0;
b10 <
b11110100101111000101011001110101 >
b11001011010010100111101001000111 ?
b10 @
b00 A
b10110111001010101100001110100000 B
b10100110000001110010111100001101 C
b11110100001010000010011010000001 D
b01011 E
b10001 F
0G
b0011000 H
b11001011010010100111101001000111 I
#17675
1"
1G
#17680
0"
b00000101000001001011101110111110010001010000010010111011101111101000010000111011010001110011100100001110101101101011110101010000011101001100101010101100000101111110100010100111110011000001110 #
b1011011 )
b0110101 *
b11110010100000001010011011010010 +
b01110110111111001101101110111010 ,
b00001010000010010111011101111101000011000001011111101000101001111100110000010111111010001010011111011101100110 -
b1110101 1
b01100000101111110100010100111110 2
b01100000101111110100010100111110 6
b01100000101111110100010100111110 7
b01 9
b000 :
b11101010100000111010011001010101 >
b01100000101111110100010100111110 ?
b01010000010010111011101111100100 B
b01000011101101000111001110010000 C
b01110110111111001101101110111010 D
b01101 E
b10101 F
0G
b1110101 H
b01100000101111110100010100111110 I
#17685
1"
1G
#17690
0"
b01010000000001101000010111110110110000000000011010000101111101110000001000001011111011001110101111010101101110101100111101001010110111111110111100000001010100010111110100101101100011001001011 #
b1100011 )
b1001101 *
b10111010010000011011000001010010 +
b11100000101111010011101100100101 ,
b01000000000011010000101111101110000000000000000000000000000000000010000101010001011111010010110110001011100011 -
b0101100 1
b00000000000000000000000000000001 2
b00 3
b00100000101111101100111010111101 6
b00001010100010111110100101101100 7
b0011 8
b010 :
1;
b00 <
b01111010010101101111111101111000 >
b00001010100010111110100101101100 ?
b01 A
b00000000011010000101111101101100 B
b00100000101111101100111010111101 C
b01111010010101101111111101111000 D
b01110 E
b10110 F
0G
b0101100 H
b00000000000000000000000000000001 I
#17695
1"
1G
#17700
0"
b00111000001000100101011000101011100010000010001001010110001010111100111101110011110100111110111110100100111111110011110100111110010100010010000110111111111111000111000010101111000110100101110 #
b1111001 )
b0100111 *
b00110001011011001111001101000110 +
b10100110111001010000001011000101 ,
b00110000010001001010110001010111100100000100000100011101000001100001111111111100011100001010111100001001110110 -
b0100111 1
b10000010000010001110100000110000 2
b10000010001001010110001010111000 5
b11111111111000111000010101111000 6
b11111111111000111000010101111000 7
b0000 8
b11 9
b001 :
b11101001111100101000100100001101 >
b11111111111000111000010101111000 ?
b01 @
b00 A
b10000010001001010110001010111000 B
b11110111001111010011111011111010 C
b11101001111100101000100100001101 D
b11111 E
b11001 F
0G
b0100111 H
b10000010000010001110100000110000 I
#17705
1"
1G
#17710
0"
b11011100110010001001001111111011010011001100100010010011111110111000000111001101010001110110101010100110101101010101101111011001001110100000011101011011000000000001111001111001000000000010010 #
b1100001 )
b0010011 *
b01111010110000001011001110000000 +
b11101110010101101111111000101110 ,
b11011001100100010010011111110111000101101101100101011000100000000101101100000000000111100111100100001101001010 -
b0110100 1
b10110110110010101100010000000010 2
b11011110110010011101000000111010 5
b11011000000000001111001111001000 6
b11011000000000001111001111001000 7
b00 9
b110 :
b11011110110010011101000000111010 >
b11011000000000001111001111001000 ?
b00 @
b11001100100010010011111110110100 B
b00011100110101000111011010101010 C
b11011110110010011101000000111010 D
b01101 E
b01010 F
0G
b0110100 H
b10110110110010101100010000000010 I
#17715
1"
1G
#17720
0"
b10011100010001000000110111011011100011000100010000001101110110111100110011100011001011010100011000100000111001101111111010100110000111100001001000000110100111111111011110100111100010001010101 #
b0000110 )
b1101010 *
b00001101001101110110101101110010 +
b00100101000100110011011111111001 ,
b10011000100010000001101110110111100001110110000001000100100111100100011010011111111101111010011110000001001101 -
b0000101 1
b00111011000000100010010011110010 2
b11110101001100001111000010010000 5
b11001110001100101101010001100010 6
b00110100111111111011110100111100 7
b0101 8
b01 9
b100 :
b11110101001100001111000010010000 >
b00110100111111111011110100111100 ?
b01 A
b11000100010000001101110110111000 B
b11001110001100101101010001100010 C
b11110101001100001111000010010000 D
b11001 E
b10111 F
0G
b0000101 H
b00111011000000100010010011110010 I
#17725
1"
1G
#17730
0"
b11101111111101100011100100111010010011111111011000111001001110101000011100111100110100000110100001110000111010111000001001001101011010111011101110101000001010010011110100001110101100000110001 #
b1110101 )
b0110100 *
b01001001110101010100100101010110 +
b11001011001100110000011101011000 ,
b11111111111011000111001001110101000000000000100100101001000010101010100000101001001111010000111010100001011001 -
b0000110 1
b00000000010010010100100001010101 2
b00010010011010110101110111011101 5
b01000001010010011110100001110101 6
b01000001010010011110100001110101 7
b1001 8
b10 9
b111 :
0;
b00010010011010110101110111011101 >
b01000001010010011110100001110101 ?
b00 A
b11111111011000111001001110100100 B
b01110011110011010000011010000111 C
b00010010011010110101110111011101 D
b11010 E
b11100 F
0G
b0000110 H
b00000000010010010100100001010101 I
#17735
1"
1G
#17740
0"
b11011001011011011001111111001111000010010110110110011111110011110100011011011101000010001110110101100010110001000111010101111101001011111110101011000000001111101001001110101001001000000000011 #
b1100011 )
b0011011 *
b00000100111100010010111101001111 +
b01010100100000010110010001111000 ,
b11010010110110110011111110011110100101011011101111000011100100111110000000111110100100111010100100100101000011 -
b0010100 1
b10101101110111100001110010011111 2
b10101011111010010111111101010110 5
b00000001111101001001110101001001 6
b00000001111101001001110101001001 7
b0000 8
b00 9
b110 :
1;
b10101011111010010111111101010110 >
b00000001111101001001110101001001 ?
b10010110110110011111110011110000 B
b01101101110100001000111011010110 C
b10101011111010010111111101010110 D
b10001 E
b00011 F
0G
b0010100 H
b10101101110111100001110010011111 I
#17745
1"
1G
#17750
0"
b10100010101000101100111101000100110000101010001011001111010001010000100111111100110010011100101101111010010101010111001110000111100010001010110011000001011100010110000001101000011101001101110 #
b1111001 )
b1010110 *
b10100000001000011011001010110011 +
b10000001110101000000100100000010 ,
b10100101010001011001111010001010000000000000000000000000000000000000000101110001011000000110100001110100110110 -
b1010011 1
b00000000000000000000000000000000 2
b00000000000000000000000000000000 5
b10011111110011001001110010110111 6
b00001011100010110000001101000011 7
b0110 8
b10 9
b101 :
0;
b10011100001111000100010101100110 >
b00001011100010110000001101000011 ?
b10 @
b01 A
b00101010001011001111010001001100 B
b10011111110011001001110010110111 C
b10011100001111000100010101100110 D
b10101 E
b01011 F
0G
b1010011 H
b00000000000000000000000000000000 I
#17755
1"
1G
#17760
0"
b10111100100101001111101001000011110011001001010011111010010001000000001111000011110000000111110101011110101100010110001011010100111100101111001000100001110011000000011110011000011000101001101 #
b0110100 )
b1000000 *
b00001110101011000000111110111010 +
b10111100010100010110111000000101 ,
b10111001001010011111010010001000000000001011000101110101100000100010000111001100000001111001100001111101100101 -
b1110101 1
b00000101100010111010110000010001 2
b11001001010011111010010000111100 5
b00111100001111000000011111010101 6
b00001110011000000011110011000011 7
b0000 8
b00 9
1;
b00010110101001111001011110010001 >
b00001110011000000011110011000011 ?
b01 @
b11001001010011111010010000111100 B
b00111100001111000000011111010101 C
b00010110101001111001011110010001 D
b01100 E
0G
b1110101 H
b00000101100010111010110000010001 I
#17765
1"
1G
#17770
0"
b11100111100011000111010101111011100001111000110001110101011110111100001010100011011101010100000111001000000101101011000101010111000001010101011110100100010011000110010101011111110110101001000 #
b0010000 )
b1001010 *
b00101001111110100101000100110101 +
b00100010010011001001101001110001 ,
b11101111000110001110101011110111100101000101111111010101011110101000010001001100011001010101111111010000100000 -
b1000000 1
b10100010111111101010101111010100 2
b01111000110001110101011110111000 5
b00101010001101110101010000011100 6
b00100010011000110010101011111110 7
b11 9
b111 :
0;
b10001010101110000010101010111101 >
b00100010011000110010101011111110 ?
b01111000110001110101011110111000 B
b00101010001101110101010000011100 C
b10001010101110000010101010111101 D
b00101 E
b10101 F
0G
b1000000 H
b10100010111111101010101111010100 I
#17775
1"
1G
#17780
0"
b00101111000001111100111000011001010011110000011111001110000110011000101010001111101010101100101000010010000000111110110100101100100011001010100001111100101100111001010011001111111101001101100 #
b0101100 )
b1101111 *
b11011110100000100000101100000001 +
b10001110000110100010100100000111 ,
b00111110000011111001110000110011000000000000000000000000000000000001110010110011100101001100111111100100110100 -
b0010011 1
b00000000000000000000000000000000 2
b00000000000000000000000000000000 5
b10101000111110101010110010100001 6
b11100101100111001010011001111111 7
b0010 8
b10 9
b001 :
b01101001011001000110010101000011 >
b11100101100111001010011001111111 ?
b10 @
b11110000011111001110000110010100 B
b10101000111110101010110010100001 C
b01101001011001000110010101000011 D
b00000 E
b11111 F
0G
b0010011 H
b00000000000000000000000000000000 I
#17785
1"
1G
#17790
0"
b10100111111110001001110010111000110001111111100010011100101110010000101010011110101111001110000101010101010111111111011010110001101110000100001001000100010000000101010010111111011000000100000 #
b0100111 )
b1101011 *
b11001011110011001010001101010111 +
b11110111111010011110000100001001 ,
b10101111111100010011100101110010000110101111001000001101000000011010010001000000010101001011111101101010010000 -
b0101010 1
b11010111100100000110100000001101 2
b10110101100011011100001000010010 5
b00100010000000101010010111111011 6
b00100010000000101010010111111011 7
b0000 8
b00 9
b101 :
b10110101100011011100001000010010 >
b00100010000000101010010111111011 ?
b00 @
b00 A
b01111111100010011100101110001100 B
b10101001111010111100111000010101 C
b10110101100011011100001000010010 D
b10111 E
0G
b0101010 H
b11010111100100000110100000001101 I
#17795
1"
1G
#17800
0"
b01110100110111000000010011100000000001001101110000000100111000000100000011011010011100111101001010101101010010100011010011110111101101011000010011101101010000000100110110100011010001001011011 #
b0100000 )
b0011001 *
b01010101011110101001000001010001 +
b01101100101010101010000011000001 ,
b01101001101110000000100111000000100000011011010011100111101001010100110101000000010011011010001101011010101011 -
b1101000 1
b00001101101001110011110100101010 2
b00000000000000000000000000000000 5
b00001101101001110011110100101010 6
b01101010000000100110110100011010 7
b011 :
1;
b10100111101111011010110000100111 >
b01101010000000100110110100011010 ?
b10 @
b01 A
b01001101110000000100111000000000 B
b00001101101001110011110100101010 C
b10100111101111011010110000100111 D
b10010 E
b10001 F
0G
b1101000 H
b00001101101001110011110100101010 I
#17805
1"
1G
#17810
0"
b01001101110111001000110101100100100011011101110010001101011001001100100111101010001101111001011001111110000001001011010010110011110001000001111101011110110111100011111001001100110010000110000 #
b1110011 )
b1110111 *
b11000111010100111001110000110000 +
b01001010111010011001000000101010 ,
b01011011101110010001101011001001100000000000000000000000000000000011111011011110001111100100110011011100011000 -
b1110010 1
b00000000000000000000000000000001 2
b10100101100111100010000011111010 5
b11110110111100011111001001100110 6
b11110110111100011111001001100110 7
b0011 8
b01 9
b010 :
0;
b10100101100111100010000011111010 >
b11110110111100011111001001100110 ?
b00 @
b00 A
b11011101110010001101011001001000 B
b10011110101000110111100101100111 C
b10100101100111100010000011111010 D
b00001 E
b00101 F
0G
b1110010 H
b00000000000000000000000000000001 I
#17815
1"
1G
#17820
0"
b11011100100111110000011101001010000011001001111100000111010010100100101000101010111000010110100111101111101000011100001110100010110101110001000010011101000000011100111110010101111100000010110 #
b0110100 )
b1110100 *
b00000100101100011010101011101111 +
b10011100101101111111000000110111 ,
b11011001001111100000111010010100100111111010001111011111100101011111110100000001110011111001010111111111001110 -
b1111101 1
b11111101000111101111110010101111 2
b00011101000101101011100010000100 5
b11101000000011100111110010101111 6
b11101000000011100111110010101111 7
b1000 8
b10 9
b110 :
1;
b00011101000101101011100010000100 >
b11101000000011100111110010101111 ?
b11001001111100000111010010100000 B
b10100010101011100001011010011110 C
b00011101000101101011100010000100 D
b01000 E
b01110 F
0G
b1111101 H
b11111101000111101111110010101111 I
#17825
1"
1G
#17830
0"
b00101011100100010011110010110110010010111001000100111100101101101000010110110110110001001000000001010001000111111000111011010111000010011110101101111101111000101111001101111010111100101000101 #
b1111111 )
b0111100 *
b01010000001000101001101001111001 +
b00001100000100110001111001111111 ,
b00110111001000100111100101101101000001000100111100101101100100000001110111100010111100110111101011100010000101 -
b0001001 1
b00100010011110010110110010000000 2
b10111001000100111100101101100100 5
b01011011011011000100100000000101 6
b11101111000101111001101111010111 7
b0010 8
b001 :
0;
b01110110101110000100111101011011 >
b11101111000101111001101111010111 ?
b01 @
b01 A
b10111001000100111100101101100100 B
b01011011011011000100100000000101 C
b01110110101110000100111101011011 D
b00111 E
b11100 F
0G
b0001001 H
b00100010011110010110110010000000 I
#17835
1"
1G
#17840
0"
b01100101111010011011000111001101100001011110100110110001110011011100010000000001100110011110100101010000100000100100110011000010011111110100110011101111011111101000101001111110111011000000001 #
b1110111 )
b1110111 *
b01110110100100101100000010000000 +
b00001011101111000000111101001110 ,
b01101011110100110110001110011011100000000000000000000000000000000010111101111110100010100111111011100001000001 -
b0000100 1
b00000000000000000000000000000001 2
b00000000000000000000000000000000 5
b01111011111101000101001111110111 6
b01111011111101000101001111110111 7
b0100 8
b01 9
b011 :
b01100110000100111111101001100111 >
b01111011111101000101001111110111 ?
b10 @
b00 A
b01011110100110110001110011011000 B
b01000000000110011001111010010101 C
b01100110000100111111101001100111 D
b00000 E
b10010 F
0G
b0000100 H
b00000000000000000000000000000001 I
#17845
1"
1G
#17850
0"
b00111001101111011101000110100010110010011011110111010001101000110000110111010110000111110000100110001000100011001100010000110111001001101001000000110011110111000100010000001001011000000100011 #
b1000011 )
b1110101 *
b10110101011010011001110101100110 +
b10011110001011111000101100110011 ,
b00110011011110111010001101000110000110000001001101101010100110011001001111011100010001000000100101110001010011 -
b1000110 1
b11000000100110110101010011001100 2
b00100001101110010011010010000001 5
b10011110111000100010000001001011 6
b10011110111000100010000001001011 7
b0000 8
b00 9
b001 :
1;
b00100001101110010011010010000001 >
b10011110111000100010000001001011 ?
b00 @
b10011011110111010001101000101100 B
b11011101011000011111000010011000 C
b00100001101110010011010010000001 D
b00011 E
b00110 F
0G
b1000110 H
b11000000100110110101010011001100 I
#17855
1"
1G
#17860
0"
b00100010110011000100001000011111000000101100110001000010000111110100010110110100101001111101110001100000000001011001101001101010101011111111010011010101000111100000101110101000101110100101111 #
b0001001 )
b0111100 *
b10100110110100101000110100111000 +
b01000010111101010011001001110011 ,
b00100101100110001000010000111110100110101011011010001111111001101011010100011110000010111010100010100000110111 -
b0000011 1
b11010101101101000111111100110101 2
b00101100110001000010000111110000 5
b10101000111100000101110101000101 6
b10101000111100000101110101000101 7
b11 9
0;
b11010011010101010111111110100110 >
b10101000111100000101110101000101 ?
b01 @
b00101100110001000010000111110000 B
b01011011010010100111110111000110 C
b11010011010101010111111110100110 D
b00001 E
b01100 F
0G
b0000011 H
b11010101101101000111111100110101 I
#17865
1"
1G
#17870
0"
b00101110010101001110111110101100010011100101010011101111101011001000111000010111011101011101000011000000101111101101011011101101100100110011000110100000001111011101101110011101101011000100011 #
b0101000 )
b0000101 *
b00010010001110001111011010000001 +
b11011100000000001011010111110111 ,
b00111100101010011101111101011001000000000000000000000000000000000000000000111101110110111001110110100001010011 -
b0000110 1
b00000000000000000000000000000000 2
b00000000000000000000000000000000 5
b00000001111011101101110011101101 6
b00000001111011101101110011101101 7
b0010 8
b01 9
b10110111011011001001100110001101 >
b00000001111011101101110011101101 ?
b10 @
b11100101010011101111101011000100 B
b11100001011101110101110100001100 C
b10110111011011001001100110001101 D
b01111 E
b10110 F
0G
b0000110 H
b00000000000000000000000000000000 I
#17875
1"
1G
#17880
0"
b10011101101110000000100011001000000011011011100000001000110010000100001111101111000001001011100011010011101100001100000100001111010100010110010010011110100100011111110001011100111110101101001 #
b0100010 )
b0111000 *
b00101110010001111100101111000100 +
b01101101110111010010010001011111 ,
b10011011011100000001000110010000100000110100111000011011000000011011111010010001111111000101110011100111110001 -
b0011110 1
b00011010011100001101100000001101 2
b11011011100000001000110010000000 5
b00111110111100000100101110001101 6
b11110100100011111110001011100111 7
b0000 8
b11 9
b100 :
1;
b00001000011110101000101100100100 >
b11110100100011111110001011100111 ?
b01 @
b01 A
b11011011100000001000110010000000 B
b00111110111100000100101110001101 C
b00001000011110101000101100100100 D
b01100 E
b00110 F
0G
b0011110 H
b00011010011100001101100000001101 I
#17885
1"
1G
#17890
0"
b00111110001010000010000001001110000011100010100000100000010011100100011111010100101001100011100010001110010101100001011110001011001011111111101110000000100111111001100001111111000001000000011 #
b0101000 )
b0010110 *
b11101111110011000010111111100011 +
b01000111100000011110101100111011 ,
b00111100010100000100000010011100100000001001111110011000011111110000000010011111100110000111111100011100000011 -
b1110000 1
b00000100111111001100001111111000 2
b00000000000000000000000000000000 5
b00000100111111001100001111111000 6
b00000100111111001100001111111000 7
b00 9
b001 :
b10111100010110010111111111011100 >
b00000100111111001100001111111000 ?
b10 @
b00 A
b11100010100000100000010011100000 B
b01111101010010100110001110001000 C
b10111100010110010111111111011100 D
b10101 E
b10000 F
0G
b1110000 H
b00000100111111001100001111111000 I
#17895
1"
1G
#17900
0"
b01110000101001000100001011111001110000001010010001000010111110100000010111110011001101101011110110000010101110100011000110100100111111111010100011100010100000111111100000000010110101001101111 #
b0110011 )
b0111001 *
b00110010011100001101110011010101 +
b11011101101111111001011000010100 ,
b01100001010010001000010111110100000000000000000000000000000000000010001010000011111110000000001011000101110111 -
b0010111 1
b00000000000000000000000000000001 2
b10 3
b01011111001100110110101111011000 6
b00010100000111111100000000010110 7
b0100 8
b10 9
b011 :
b10 <
b10001101001001111111110101000111 >
b00010100000111111100000000010110 ?
b01 A
b00001010010001000010111110011100 B
b01011111001100110110101111011000 C
b11011101101111111001011000010100 D
b01110 E
b10001 F
0G
b0010111 H
b00000000000000000000000000000001 I
#17905
1"
1G
#17910
0"
b00111100011011001110000000101011000011000110110011100000001010110100001010001010011100010001010110001110001111111110011001000111010001101001001011110110011010000100101010100000001101000101000 #
b0001001 )
b1001010 *
b10011001100001111111111010011111 +
b11010011000000000000000001101011 ,
b00111000110110011100000001010110100000000000000000000000000000000001011001101000010010101010000000111100110000 -
b1110010 1
b00000000000000000000000000000000 2
b00 3
b10110011010000100101010100000001 6
b10110011010000100101010100000001 7
b0010 8
b001 :
b00 <
b00110010001110100011010010010111 >
b10110011010000100101010100000001 ?
b00 A
b11000110110011100000001010110000 B
b00101000101001110001000101011000 C
b00110010001110100011010010010111 D
b01111 E
b11111 F
0G
b1110010 H
b00000000000000000000000000000000 I
#17915
1"
1G
#17920
0"
b01011011110000001010110011111111010010111100000010101100111111111000011001010111010110010100010101011000101010000010100011001010000000101101100011111001101100101110111111000001001110000001010 #
b0111100 )
b0010110 *
b11010111111001010000001011111000 +
b00010000101101110011001010011011 ,
b01010111100000010101100111111111000000100111110011110010100110100001100110110010111011111100000100110001100010 -
b1000100 1
b00010011111001111001010011010000 2
b01000110010100000001011011000111 5
b11001101100101110111111000001001 6
b11001101100101110111111000001001 7
b0000 8
b11 9
b010 :
b01000110010100000001011011000111 >
b11001101100101110111111000001001 ?
b00 @
b10111100000010101100111111110100 B
b01100101011101011001010001010101 C
b01000110010100000001011011000111 D
b01010 E
b00001 F
0G
b1000100 H
b00010011111001111001010011010000 I
#17925
1"
1G
#17930
0"
b10111000000011001010110110000001100010000000110010101101100000011100111010111110110110101101001000001011000110111110000011100111000100011111111001011000101001001111101101011100001111001111100 #
b0011001 )
b0110010 *
b11001001001011010011000100100010 +
b01110010011101011101111101001111 ,
b10110000000110010101101100000011100111010111110110110101101001000001100010100100111110110101110000110110111100 -
b1011011 1
b11101011111011011010110100100000 2
b01 3
b00000000000000000000000000000000 5
b11101011111011011010110100100000 6
b11000101001001111101101011100001 7
b101 :
b01 <
b00000111001110001000111111110010 >
b11000101001001111101101011100001 ?
b10 @
b01 A
b10000000110010101101100000011000 B
b11101011111011011010110100100000 C
b11001001001011010011000100100010 D
b00110 E
b11111 F
0G
b1011011 H
b11101011111011011010110100100000 I
#17935
1"
1G
#17940
0"
b01101001101001111110011000111110000010011010011111100110001111100100000001100111100011011101110110111101111011010000110010011011000010100010101110110111101001001111100000100011000000000011001 #
b1000110 )
b0101101 *
b11011101001101100000111001010000 +
b00001000011000010100010001001110 ,
b01110011010011111100110001111100100001000100000000000010010011101011011110100100111110000010001100011011101001 -
b1101100 1
b00100010000000000001001001110101 2
b00 3
b01100100110110000101000101011101 5
b10111101001001111100000100011000 6
b10111101001001111100000100011000 7
b00 9
b011 :
0;
b00 <
b01100100110110000101000101011101 >
b10111101001001111100000100011000 ?
b00 @
b00 A
b10011010011111100110001111100000 B
b00000110011110001101110111011011 C
b01100100110110000101000101011101 D
b11011 E
b01000 F
0G
b1101100 H
b00100010000000000001001001110101 I
#17945
1"
1G
#17950
0"
b11100001101100010010011101001111010000011011000100100111010011111000001000111001110111110000100011110010000101101000100111001110011001100100000011110011101010111000011001011101010110001011101 #
b0000010 )
b0001100 *
b11101011001100011011101111000001 +
b01111101000001101000001011000101 ,
b11100011011000100100111010011111000011100100001000100100010100101101001110101011100001100101110101000100101101 -
b0010001 1
b01110010000100010010001010010110 2
b01001110011100110011001000000111 5
b00100011100111011111000010001111 6
b10011101010111000011001011101010 7
b11 9
b111 :
b01001110011100110011001000000111 >
b10011101010111000011001011101010 ?
b01 A
b00011011000100100111010011110100 B
b00100011100111011111000010001111 C
b01001110011100110011001000000111 D
b00101 E
b10100 F
0G
b0010001 H
b01110010000100010010001010010110 I
#17955
1"
1G
#17960
0"
b01111100111100100011100010010011000011001111001000111000100100110100000000100111011001000100011001101100011001000101100010101011111001011001111101010011010011101101101110101101100111001010111 #
b1111011 )
b1000100 *
b01010001000100000101111010111011 +
b11000100001001101011100110011101 ,
b01111001111001000111000100100110100000000100111011001000100011001101001101001110110110111010110110011000001111 -
b1100001 1
b00000010011101100100010001100110 2
b00000000000000000000000000000000 5
b00000010011101100100010001100110 6
b10011010011101101101110101101100 7
b011 :
1;
b11000101010111110010110011111010 >
b10011010011101101101110101101100 ?
b10 @
b11001111001000111000100100110000 B
b00000010011101100100010001100110 C
b11000101010111110010110011111010 D
b11001 E
b00010 F
0G
b1100001 H
b00000010011101100100010001100110 I
#17965
1"
1G
#17970
0"
b00101110110011101111110110111101100011101100111011111101101111011100000011111010010001101011100110100010101011111110011110000111011000001111011101101111000000001110110100011111001011000101110 #
b0000010 )
b1111111 *
b10000100001010111010000000011010 +
b00000000110101110110010000000001 ,
b00111101100111011111101101111011100000000000000000000000000000000000000000011010111011001000000000100101110110 -
b0010111 1
b00000000000000000000000000000000 2
b10 4
b00000000110101110110010000000001 6
b00000000110101110110010000000001 7
b0010 8
b01 9
b001 :
0;
b10 =
b00111100001110110000011110111011 >
b01111000000001110110100011111001 ?
b00 A
b11101100111011111101101111011000 B
b00001111101001000110101110011010 C
b00111100001110110000011110111011 D
b01011 E
b11111 F
0G
b0010111 H
b00000000000000000000000000000000 I
#17975
1"
1G
#17980
0"
b11100100000010111111001110000100000001000000101111110011100001000100001011000010001011000011101100110000110100001101010011011101100111110010011011000001111001000101010101000101001001000011101 #
b1010101 )
b1101001 *
b10110001110011011111101101100001 +
b11000100111110011101101001111001 ,
b11101000000101111110011100001000100000011110010001010101010001010010000111100100010101010100010100100001101101 -
b0000101 1
b00001111001000101010101000101001 2
b00 4
b00001111001000101010101000101001 6
b00001111001000101010101000101001 7
b0000 8
b00 9
b111 :
b00 =
b10100110111011001111100100110110 >
b00001111001000101010101000101001 ?
b01000000101111110011100001000000 B
b00101100001000101100001110110011 C
b10100110111011001111100100110110 D
b10100 E
b00110 F
0G
b0000101 H
b00001111001000101010101000101001 I
#17985
1"
1G
#17990
0"
b01011001101011010100001000100001000010011010110101000010001000010100101101110111010011110011001110101111011000001111100101001010110111000001000100100001101011110100010111001000011000000000011 #
b0011110 )
b1101011 *
b00010110111101000011010100001111 +
b10010100000110111101100111011100 ,
b01010011010110101000010001000010100110101111101000100001110110011000000110101111010001011100100001111110000011 -
b1111000 1
b11010111110100010000111011001100 2
b11001010010101101110000010001001 5
b00001101011110100010111001000011 6
b00001101011110100010111001000011 7
b010 :
1;
b11001010010101101110000010001001 >
b00001101011110100010111001000011 ?
b00 @
b10011010110101000010001000010000 B
b10110111011101001111001100111010 C
b11001010010101101110000010001001 D
b11000 E
b00111 F
0G
b1111000 H
b11010111110100010000111011001100 I
#17995
1"
1G
#18000
0"
b00010101001011011010111100101100100001010010110110101111001011001100100011100010110000011110000101010001011000111010000100110110100001010100100000110111000111101010110111001110110010101110011 #
b1100000 )
b0100100 *
b00001011100111010011110100010000 +
b00110011100111001100001001100110 ,
b00001010010110110101111001011001100110001001010111011010100101100111011100011110101011011100111011000010011011 -
b0001010 1
b11000100101011101101010010110011 2
b01010010110110101111001011001000 5
b10001110001011000001111000010101 6
b10111000111101010110111001110110 7
b0001 8
b01 9
b000 :
b00001001101101000010101001000001 >
b10111000111101010110111001110110 ?
b01 @
b01 A
b01010010110110101111001011001000 B
b10001110001011000001111000010101 C
b00001001101101000010101001000001 D
b11101 F
0G
b0001010 H
b11000100101011101101010010110011 I
#18005
1"
1G
#18010
0"
0G
#18015
1"
1G
#18020
0"
0G
#18025
1"
1G
#18030
0"
0G
#18035
1"
1G
#18040
0"
0G
#18045
1"
1G
